"รหัสองค์ความรู้ (Knowledge ID)","ประเภท (Content Type)","หัวข้อเรื่อง","สรุปย่อ (AI Summary)","เนื้อหาฉบับเต็ม","ฝ่ายที่รับผิดชอบ","งาน/แผนกย่อย","แท็กคำค้นหา (Tags)","สถานะ (Status)","วันที่มีผลบังคับใช้","วันที่หมดอายุ","ลิงก์ Google Drive"
"km-0001","news","เร็ว ๆ นี้: ประกาศรายชื่อผู้สมัครอย่างเป็นทางการ FVE STAR 2026","ที่ฝ่ายกิจการนักเรียนนักศึกษา","วิทยาลัยการอาชีพฝางเตรียมประกาศรายชื่อผู้สมัครอย่างเป็นทางการ สำหรับการแข่งขัน FVE STAR 2026 โปรดติดตามรายละเอียดเร็ว ๆ นี้


### คำถามที่พบบ่อย (FAQ):
สมัครที่ไหน สมัครอย่างไร

**คำตอบ:**
ที่ฝ่ายกิจการนักเรียนนักศึกษา


📄 **ลิงก์เอกสาร Google Drive:** [เปิดดูเอกสาร](https://drive.google.com/file/d/1qxnhCr6NYh6lCIKnRaLkm9hAOga6_CwX/view?usp=drive_link)

🌐 **ลิงก์เว็บไซต์อ้างอิง:** [เปิดหน้าเว็บ](https://www.facebook.com/photo?fbid=122105655309331585&set=a.122098053735331585)","ฝ่ายพัฒนากิจการนักเรียนนักศึกษา","งานกิจกรรมนักเรียนนักศึกษา","[""FVE STAR 2026"",""ประกวดดาวเดือน"",""ประกาศรายชื่อผู้สมัคร"",""กิจกรรมนักเรียน"",""วิทยาลัยการอาชีพฝาง""]","published","8/20/2026","9/20/2026","https://drive.google.com/file/d/1qxnhCr6NYh6lCIKnRaLkm9hAOga6_CwX/view?usp=drive_link"
"km-0002","news","FVE STAR 2025 การประกวดดาว เดือน ดาวจรัสฟ้า เดือนเคียงดาว และขวัญใจมหาชน","ฝ่ายกิจการนักเรียนนักศึกษา","ประเภทการประกวด จำนวน 5 ประเภท ได้แก่ ดาว, เดือน, ดาวจรัสฟ้า, เดือนเคียงดาว และขวัญใจมหาชน \n\nกติกาการประกวด \n- รอบที่ 1 แนะนำตัว คัดเลือกเหลือ 5 คน \n- รอบที่ 2 แสดงความสามารถพิเศษ คัดเลือกเหลือ 3 คน \n- รอบที่ 3 ตอบคำถามรอบตัดสิน \n\nรางวัล \n- รางวัลชนะเลิศ เงินรางวัล 1,000 บาท พร้อมมงกุฎและสายสะพาย \n- รองชนะเลิศอันดับ 1 เงินรางวัล 500 บาท พร้อมสายสะพาย \n- รองชนะเลิศอันดับ 2 เงินรางวัล 300 บาท พร้อมสายสะพาย \n- รางวัลขวัญใจมหาชน เงินรางวัล 500 บาท พร้อมมงกุฎและสายสะพาย \n\nการโหวตขวัญใจมหาชนใช้หัวใจ 1 ดวง = 20 บาท = 20 คะแนน และผู้สมัครทุกคนที่ผ่านเข้ารอบ 3 จะได้รับรางวัล


### คำถามที่พบบ่อย (FAQ):
สมัครอย่างไร สมัครตรงไหน

**คำตอบ:**
ฝ่ายกิจการนักเรียนนักศึกษา


📄 **ลิงก์เอกสาร Google Drive:** [เปิดดูเอกสาร](https://drive.google.com/file/d/1gHm1k9QkLvjfkkakiu_mVSaEshJ-8eLN/view?usp=drive_link)

🌐 **ลิงก์เว็บไซต์อ้างอิง:** [เปิดหน้าเว็บ](https://www.facebook.com/photo?fbid=1303661244882117&set=a.580115957236653)","ฝ่ายพัฒนากิจการนักเรียนนักศึกษา","งานกิจกรรมนักเรียนนักศึกษา","[""ข่าวประชาสัมพันธ์"",""กิจการนักเรียน นักศึกษา""]","published","8/14/2026","-","https://drive.google.com/file/d/1gHm1k9QkLvjfkkakiu_mVSaEshJ-8eLN/view?usp=drive_link"
"km-0003","manual","แผนผังวิทยาลัยการอาชีพฝาง อำเภอฝาง จังหวัดเชียงใหม่","A: อยู่อาคารหมายเลข 5 บริเวณตึกอำนวยการ A: อยู่อาคารหมายเลข 4 A: อยู่อาคารหมายเลข 15 A: อยู่อาคารหมายเลข 2 A: อยู่อาคารหมายเลข 19 A: อยู่อาคารหมายเลข 24 A: อยู่อาคารหมายเลข 23 A: อยู่บริเวณหมายเลข 6 A: อาคารหมายเลข 26 A: อยู่บริเวณถนนด้านหน้าของวิทยาลัยใกล้ลานจอดรถหมายเลข 1","แผนผังแสดงตำแหน่งสถานที่ภายในวิทยาลัยการอาชีพฝาง ประกอบด้วย
ประตูวิทยาลัยการอาชีพฝาง
อาคารวิทยบริการ
โรงจอดรถ
ตึกอำนวยการ, หอประชุม
ห้องประชาสัมพันธ์
ลานหน้าเสาธง
ตึกการตลาดและธุรกิจค้าปลีก, วิชาการ
ตึกพาณิชย์ / ฝ่ายกิจการ
ห้องสวนพฤกษศาสตร์
ห้ององค์การนักวิชาชีพในอนาคตแห่งประเทศไทย
ตึกแผนกช่างเชื่อม, พื้นฐาน
โรงจอดรถวิทยาลัย
อาคารฝ่ายยุทธศาสตร์และแผนงาน
ลานรูปปั้นพระวิษณุกรรม
สหการและโรงอาหาร
ตึกช่างอุตสาหกรรม
ตึกอเนกประสงค์
อาคารเรียนรุ่งวานีและต้วถัง
สนามกีฬา
สนามวอลเลย์บอล
สนามบาสเกตบอล
กองกิจการลูกเสือ
อาคารแผนกวิชาก่อสร้าง
อาคารแผนกไฟฟ้า
บ้านพักผู้อำนวยการ
บ้านพักครู
ลานจอดรถ 2


### คำถามที่พบบ่อย (FAQ):
Q: ห้องประชาสัมพันธ์อยู่ที่ไหน
A: อยู่อาคารหมายเลข 5 บริเวณตึกอำนวยการ

Q: ตึกอำนวยการอยู่ตรงไหน
A: อยู่อาคารหมายเลข 4

Q: โรงอาหารอยู่ที่ไหน
A: อยู่อาคารหมายเลข 15

Q: อาคารวิทยบริการอยู่ตรงไหน
A: อยู่อาคารหมายเลข 2

Q: สนามกีฬาอยู่บริเวณใด
A: อยู่ตำแหน่งหมายเลข 19

Q: แผนกไฟฟ้าอยู่ที่อาคารใด
A: อาคารหมายเลข 24

Q: แผนกก่อสร้างอยู่ที่อาคารใด
A: อาคารหมายเลข 23

Q: ลานหน้าเสาธงอยู่ตรงไหน
A: อยู่บริเวณหมายเลข 6

Q: บ้านพักครูอยู่บริเวณใด
A: อาคารหมายเลข 26

Q: จุด ""คุณอยู่ที่นี่"" อยู่บริเวณใด
A: อยู่บริเวณถนนด้านหน้าของวิทยาลัยใกล้ลานจอดรถหมายเลข 1

**คำตอบ:**
A: อยู่อาคารหมายเลข 5 บริเวณตึกอำนวยการ
A: อยู่อาคารหมายเลข 4
A: อยู่อาคารหมายเลข 15
A: อยู่อาคารหมายเลข 2
A: อยู่อาคารหมายเลข 19
A: อยู่อาคารหมายเลข 24
A: อยู่อาคารหมายเลข 23
A: อยู่บริเวณหมายเลข 6
A: อาคารหมายเลข 26
A: อยู่บริเวณถนนด้านหน้าของวิทยาลัยใกล้ลานจอดรถหมายเลข 1


📄 **ลิงก์เอกสาร Google Drive:** [เปิดดูเอกสาร](https://drive.google.com/file/d/1OYjYGcUxZoW91k82948WCybJVX-D-sDT/view?usp=sharing)

🌐 **ลิงก์เว็บไซต์อ้างอิง:** [เปิดหน้าเว็บ](https://www.fve.ac.th/About/information_about_map)","ฝ่ายบริหารทรัพยากร","งานอาคารสถานที่","[""แผนผังวิทยาลัย"",""แผนที่วิทยาลัย"",""วิทยาลัยการอาชีพฝาง"",""Fang Vocational College"",""FVC"",""อาคารวิทยบริการ"",""ตึกอำนวยการ"",""ห้องประชาสัมพันธ์""]","published","8/14/2026","-","https://drive.google.com/file/d/1OYjYGcUxZoW91k82948WCybJVX-D-sDT/view?usp=sharing"
"km-0004","announcement","ประกาศวิทยาลัยการอาชีพฝาง เรื่อง ให้นักเรียน นักศึกษาพ้นสภาพ","A1: เป็นประกาศวิทยาลัยการอาชีพฝาง เรื่อง ให้นักเรียน นักศึกษาพ้นสภาพ A2: ใช้กับนักเรียน นักศึกษาประจำปีการศึกษา 2569 A3: มีรายชื่อทั้งหมด 68 ราย A4: ไม่ยื่นคำร้องขอกลับเข้าเรียนภายใน 15 วันตามกำหนด และไม่มาติดต่อเพื่อรักษาสถานภาพนักเรียน นักศึกษาตามข้อ 45 และ 46 A5: ภายใน 15 วัน นับตั้งแต่วันถัดจากว","วิทยาลัยการอาชีพฝางอาศัยระเบียบกระทรวงศึกษาธิการว่าด้วยการจัดการศึกษาตามหลักสูตรประกาศนียบัตรวิชาชีพ พุทธศักราช 2567 และหลักสูตรประกาศนียบัตรวิชาชีพชั้นสูง พุทธศักราช 2567 เรื่องการพ้นสภาพนักเรียน นักศึกษา

นักเรียน นักศึกษาที่มีรายชื่อในประกาศพ้นสภาพ เนื่องจาก ไม่ยื่นคำร้องขอกลับเข้าเรียนภายใน 15 วัน นับตั้งแต่วันถัดจากวันครบกำหนดลาพักการเรียนหรือการฝึกอาชีพ ตามข้อ 24 และ ไม่มาติดต่อเพื่อรักษาสถานภาพนักเรียน นักศึกษาตามข้อ 45 และ 46

ประกาศให้นักเรียน นักศึกษาประจำปีการศึกษา 2569 ตามรายชื่อในประกาศ พ้นสภาพนักเรียน นักศึกษา ตั้งแต่วันที่ 13 สิงหาคม 2569

เอกสารมีรายชื่อนักเรียน นักศึกษารวม 68 ราย พร้อมระบุชื่อ-สกุล แผนกวิชา และรหัสประจำตัวของแต่ละราย

แผนกวิชาที่ปรากฏในรายชื่อ ได้แก่ ช่างอิเล็กทรอนิกส์ ช่างเชื่อม ช่างไฟฟ้า ช่างยนต์ คอมพิวเตอร์ธุรกิจ การโรงแรม ซ่อมบำรุงฯ และการตลาด

ประกาศ ณ วันที่ 13 สิงหาคม 2569 ลงนามโดย นายปัญญา ช่างงาน ผู้อำนวยการวิทยาลัยการอาชีพฝาง


### คำถามที่พบบ่อย (FAQ):
Q1: ประกาศนี้เกี่ยวกับเรื่องอะไร?
Q2: ประกาศนี้ใช้กับนักเรียนปีการศึกษาใด?
Q3: มีนักเรียน นักศึกษาที่พ้นสภาพทั้งหมดกี่ราย?
Q4: สาเหตุที่นักเรียน นักศึกษาพ้นสภาพคืออะไร?
Q5: ต้องยื่นคำร้องขอกลับเข้าเรียนภายในกี่วัน?
Q6: นักเรียน นักศึกษาพ้นสภาพตั้งแต่วันใด?
Q7: รายชื่อผู้พ้นสภาพมีข้อมูลอะไรบ้าง?
Q8: ในประกาศมีแผนกวิชาใดบ้าง?
Q9: ประกาศอ้างอิงระเบียบใด?
Q10: ใครเป็นผู้ลงนามในประกาศ?

**คำตอบ:**
A1: เป็นประกาศวิทยาลัยการอาชีพฝาง เรื่อง ให้นักเรียน นักศึกษาพ้นสภาพ
A2: ใช้กับนักเรียน นักศึกษาประจำปีการศึกษา 2569
A3: มีรายชื่อทั้งหมด 68 ราย
A4: ไม่ยื่นคำร้องขอกลับเข้าเรียนภายใน 15 วันตามกำหนด และไม่มาติดต่อเพื่อรักษาสถานภาพนักเรียน นักศึกษาตามข้อ 45 และ 46
A5: ภายใน 15 วัน นับตั้งแต่วันถัดจากวันครบกำหนดลาพักการเรียนหรือการฝึกอาชีพ
A6: ตั้งแต่วันที่ 13 สิงหาคม 2569
A7: มีชื่อ-สกุล แผนกวิชา และรหัสประจำตัว
A8: เช่น ช่างอิเล็กทรอนิกส์ ช่างเชื่อม ช่างไฟฟ้า ช่างยนต์ คอมพิวเตอร์ธุรกิจ การโรงแรม ซ่อมบำรุงฯ และการตลาด
A9: อ้างอิงระเบียบกระทรวงศึกษาธิการว่าด้วยการจัดการศึกษาตามหลักสูตรประกาศนียบัตรวิชาชีพ พุทธศักราช 2567 และหลักสูตรประกาศนียบัตรวิชาชีพชั้นสูง พุทธศักราช 2567
A10: นายปัญญา ช่างงาน ผู้อำนวยการวิทยาลัยการอาชีพฝาง


📄 **ลิงก์เอกสาร Google Drive:** [เปิดดูเอกสาร](https://drive.google.com/drive/folders/1QPVDq632rkXLWsRo4QqxXludrqoHzFhV)

🌐 **ลิงก์เว็บไซต์อ้างอิง:** [เปิดหน้าเว็บ](https://www.fve.ac.th/News/detail/202)","ฝ่ายบริหารทรัพยากร","งานบริหารงานทั่วไป","[""พ้นสภาพ"",""พ้นสภาพนักเรียน"",""พ้นสภาพนักศึกษา"",""ประกาศพ้นสภาพ"",""นักเรียนพ้นสภาพ"",""นักศึกษาพ้นสภาพ"",""รักษาสถานภาพ"",""ไม่รักษาสถานภาพ""]","published","8/13/2026","-","https://drive.google.com/drive/folders/1QPVDq632rkXLWsRo4QqxXludrqoHzFhV"
"km-0005","document","ข้อมูลทั่วไปและประวัติวิทยาลัยการอาชีพฝาง","A: วิทยาลัยการอาชีพฝางได้รับการประกาศจัดตั้งเมื่อวันที่ 16 มิถุนายน พ.ศ. 2536 A: ""วินัยดี มีคุณธรรม รู้นำวิชา พัฒนาอาชีพ"" A: มี 4 ฝ่าย ได้แก่ ฝ่ายบริหารทรัพยากร ฝ่ายยุทธศาสตร์และแผนงาน ฝ่ายกิจการนักเรียน นักศึกษา และฝ่ายวิชาการ A: งานทะเบียนอยู่ฝ่ายบริหารทรัพยากร A: งานปกครองและความปลอดภัยนักเรียน น","ประวัติและข้อมูลพื้นฐานวิทยาลัย วิทยาลัยการอาชีพฝางจัดตั้งขึ้นเพื่อขยายโอกาสทางการศึกษาวิชาชีพและพัฒนากำลังคนให้สอดคล้องกับความต้องการของท้องถิ่นและตลาดแรงงาน โดยประกาศจัดตั้งเมื่อวันที่ 16 มิถุนายน พ.ศ. 2536
ประวัติความเป็นมา
กระทรวงศึกษาธิการมีนโยบายขยายโอกาสทางการศึกษาวิชาชีพให้กว้างขวาง สอดคล้องกับความต้องการของประชาชนในชนบทและตลาดแรงงานท้องถิ่น รวมถึงการพัฒนาเศรษฐกิจและสังคม จึงจัดตั้งสถานศึกษาวิชาชีพประเภทวิทยาลัยการอาชีพระดับอำเภอขึ้น
วิทยาลัยการอาชีพฝางได้รับการประกาศจัดตั้งเมื่อวันที่ 16 มิถุนายน พ.ศ. 2536 โดยนายสังข์ทอง ศรีธเรศ รัฐมนตรีช่วยว่าการกระทรวงศึกษาธิการ
ผู้ก่อตั้งวิทยาลัย คือ นายบุญเทียม เจริญยิ่ง อธิบดีกรมอาชีวศึกษา
ปรัชญาวิทยาลัย คือ
""วินัยดี มีคุณธรรม รู้นำวิชา พัฒนาอาชีพ"" 
วิสัยทัศน์:
วิทยาลัยการอาชีพฝางเป็นสถาบันการศึกษาที่เป็นเลิศด้านอาชีวศึกษาในภูมิภาคผลิตผู้เรียนสมรรถนะสูงที่มีทักษะแห่งศตวรรษที่ 21 พร้อมเป็นกําลังในการขับเคลื่อนเศรษฐกิจดิจิทัลและสร้างสรรค์นวัตกรรมเพื่อสังคมอย่างยั่งยืน
พันธกิจ: 
1. พัฒนาผู้เรียนให้มีสมรรถนะสูง โดยเน้นการเสริมสร้างทักษะแห่งศตวรรษที่ 21 อาทิ การคิดเชิงวิพากษ์ความคิดสร้างสรรค์ การสื่อสาร และการทํางานร่วมกับผู้อื่น
2. ส่งเสริมการศึกษาเพื่อขับเคลื่อนเศรษฐกิจดิจิทัล มุ่งเน้นการเตรียมความพร้อมให้กับผู้เรียนในด้านเทคโนโลยีดิจิทัล การพัฒนานวัตกรรม และการใช้เทคโนโลยีสมัยใหม่ในการบริหารจัดการอาชีวศึกษา
3. สนับสนุนการวิจัยและสร้างนวัตกรรมที่มีคุณค่าสําหรับสังคม โดยเน้นการพัฒนาผลิตภัณฑ์และนวัตกรรมสิ่งประดิษฐ์ที่ตอบโจทย์ความต้องการของชุมชนและสังคม รวมถึงส่งเสริมการทํางานวิจัยเพื่อประโยชน์ทางการศึกษา
4. สร้างเครือข่ายความร่วมมือกับภาครัฐและเอกชน เพื่อพัฒนาการเรียนการสอน และเพิ่มโอกาสในการฝึกงานประสบการวิชาชีพและส่งเสริมการมีงานทําสําหรับผู้เรียน
5. ส่งเสริมการพัฒนาระบบจัดการบริหารสถานศึกษา ระบบบริหารงานคุณภาพสถานศึกษาที่ยั่งยืน โดยบูรณาการแนวคิดเศรษฐกิจพอเพียงและการจัดการทรัพยากรอย่างมีประสิทธิภาพ เพื่อสร้างการ
เติบโตทางเศรษฐกิจและคุณภาพชีวิตที่ยั่งยืนในชุมชน
6. พัฒนาศักยภาพ ครู และบุคลากร (Re-Skill, Up-Skill, New-Skill) ให้มีศักยภาพในการปฏิบัติงานสมรรถนะทางวิชาการ และจรรยาบรรณวิชาชีพ
7. พัฒนา 5 แหล่งเรียนรู้ศูนย์วิทยบริการเทคโนโลยีสารสนเทศ ห้องสมุด ศูนย์บ่มเพาะผู้ประกอบการอาชีวศึกษา แหล่งการเรียนรู้โครงการพระราชดําริสวนพฤษศาสตร์โรงเรียน ศูนย์ชีววิถีแบบยั่งยืน
โครงสร้างการบริหาร

วิทยาลัยแบ่งการบริหารงานออกเป็น 4 ฝ่าย ได้แก่
ฝ่ายบริหารทรัพยากร – 7 งาน  
งานบริหารงานทั่วไป
งานบริหารและพัฒนาทรัพยากรบุคคล
งานการเงิน
งานการบัญชี
งานพัสดุ
งานอาคารสถานที่
งานทะเบียน

ฝ่ายยุทธศาสตร์และแผนงาน – 6 งาน  
งานพัฒนายุทธศาสตร์ แผนงานและงบประมาณ
งานมาตรฐานและการประกันคุณภาพการศึกษา
งานศูนย์ดิจิทัลและสื่อสารองค์กร
งานส่งเสริมการวิจัย นวัตกรรม และสิ่งประดิษฐ์
งานส่งเสริมธุรกิจและการเป็นผู้ประกอบการ
งานติดตามและประเมินผลการอาชีวศึกษา

ฝ่ายกิจการนักเรียน นักศึกษา – 5 งาน  
งานกิจกรรมนักเรียน นักศึกษา
งานครูที่ปรึกษาและการแนะแนว
งานปกครองและความปลอดภัยนักเรียน นักศึกษา
งานสวัสดิการนักเรียน นักศึกษา
งานโครงการพิเศษและการบริการ

ฝ่ายวิชาการ – 7 งาน  
แผนวิชา/ภาควิชา/คณะวิชา
งานพัฒนาหลักสูตรและการจัดการเรียนรู้
งานวัดผลและประเมินผล
งานอาชีวศึกษาระบบทวิภาคีและความร่วมมือ
งานวิทยบริการและเทคโนโลยีการศึกษา
งานการศึกษาพิเศษและความเสมอภาคทางการศึกษา
งานพัฒนาหลักสูตรสายเทคโนโลยีหรือสายปฏิบัติการ 

แผนก/สาขาวิชา
ระดับ ปวช. มี 4 ประเภทวิชา 11 สาขาวิชา ได้แก่
ประเภทวิชาอุตสาหกรรมช่างยนต์
เทคโนโลยีอุตสาหกรรม ตัวถังและสีรถยนต์
ช่างไฟฟ้ากำลัง
ช่างอิเล็กทรอนิกส์
ช่างก่อสร้าง
ช่างเชื่อมโลหะ

ประเภทวิชาอุตสาหกรรมดิจิทัลและเทคโนโลยีสารสนเทศเทคโนโลยีธุรกิจดิจิทัล

ประเภทวิชาบริหารธุรกิจการบัญชี
การตลาด
การจัดการธุรกิจค้าปลีก

ประเภทอุตสาหกรรมท่องเที่ยวการโรงแรม 

ระดับ ปวส. มีระบบปกติและระบบทวิภาคี จำนวน 4 ประเภทวิชา 14 สาขางาน ได้แก่
อุตสาหกรรม
อุตสาหกรรมดิจิทัลและเทคโนโลยีสารสนเทศ
บริหารธุรกิจ
อุตสาหกรรมท่องเที่ยว
สาขาที่ระบุในคู่มือ ได้แก่ เทคนิคเครื่องกล, เทคโนโลยีอุตสาหกรรม ตัวถังและสีรถยนต์, เทคนิคโลหะ, ช่างไฟฟ้า, ช่างก่อสร้าง, เทคโนโลยีปิโตรเลียม, เทคโนโลยีอิเล็กทรอนิกส์, เทคโนโลยีธุรกิจดิจิทัล, เครือข่ายคอมพิวเตอร์และความปลอดภัย, การบัญชี, การจัดการธุรกิจค้าปลีก, การตลาด, การโรงแรม และอาหารและโภชนาการ


### คำถามที่พบบ่อย (FAQ):
Q: วิทยาลัยการอาชีพฝางก่อตั้งเมื่อใด
Q: ปรัชญาของวิทยาลัยการอาชีพฝางคืออะไร
Q: วิทยาลัยการอาชีพฝางมีฝ่ายบริหารกี่ฝ่าย
Q: งานทะเบียนอยู่ฝ่ายใด
Q: งานปกครองนักเรียนอยู่ฝ่ายใด
Q: งานวัดผลและประเมินผลอยู่ฝ่ายใด
Q: วิทยาลัยเปิดสอนระดับใดบ้าง
วิทยาลัยมีสาขาวิชาอะไรบ้าง

**คำตอบ:**
A: วิทยาลัยการอาชีพฝางได้รับการประกาศจัดตั้งเมื่อวันที่ 16 มิถุนายน พ.ศ. 2536
A: ""วินัยดี มีคุณธรรม รู้นำวิชา พัฒนาอาชีพ""
A: มี 4 ฝ่าย ได้แก่ ฝ่ายบริหารทรัพยากร ฝ่ายยุทธศาสตร์และแผนงาน ฝ่ายกิจการนักเรียน นักศึกษา และฝ่ายวิชาการ
A: งานทะเบียนอยู่ฝ่ายบริหารทรัพยากร
A: งานปกครองและความปลอดภัยนักเรียน นักศึกษา อยู่ฝ่ายกิจการนักเรียน นักศึกษา
A: อยู่ฝ่ายวิชาการ
A: เปิดสอนระดับ ปวช. และ ปวส.
A: มีสาขาวิชาด้านอุตสาหกรรม อุตสาหกรรมดิจิทัลและเทคโนโลยีสารสนเทศ บริหารธุรกิจ และอุตสาหกรรมท่องเที่ยว ตามรายละเอียดของหลักสูตร


📄 **ลิงก์เอกสาร Google Drive:** [เปิดดูเอกสาร](https://drive.google.com/file/d/1hzU_vi-DDxE2XdqrUd2mlt7cxKpQUh3Q/view?usp=drive_link)

🌐 **ลิงก์เว็บไซต์อ้างอิง:** [เปิดหน้าเว็บ](https://www.youtube.com/watch?v=n6Bm-P7x0XI)","ฝ่ายบริหารทรัพยากร","งานบริหารงานทั่วไป","[""วิทยาลัยการอาชีพฝาง"",""วกฝาง"",""วก.อ.ฝาง"",""ฝาง"",""Fang Vocational College"",""FVE"",""ประวัติวิทยาลัย"",""วิทยาลัยฝางก่อตั้งเมื่อไหร่""]","published","8/15/2026","-","https://drive.google.com/file/d/1hzU_vi-DDxE2XdqrUd2mlt7cxKpQUh3Q/view?usp=drive_link"
"km-0006","manual","หลักสูตรและการจัดการเรียนการสอน วิทยาลัยการอาชีพฝาง","A: ระดับ ปวช. และ ปวส. A: หลักสูตรประกาศนียบัตรวิชาชีพ พุทธศักราช 2567 A: หลักสูตรประกาศนียบัตรวิชาชีพชั้นสูง พุทธศักราช 2567 A: 100–110 หน่วยกิต A: 80–90 หน่วยกิต A: มี ทั้งระดับ ปวช. และ ปวส. ตามหลักเกณฑ์ของหลักสูตร A: เน้นการปฏิบัติจริงและการพัฒนาสมรรถนะวิชาชีพ A: เน้นการประเมินผลตามสภาพจริงและเป","วิทยาลัยการอาชีพฝางจัดการศึกษาระดับ ปวช. และ ปวส. ตามหลักสูตร พ.ศ. 2567 โดยเน้นการเรียนรู้จากการปฏิบัติจริง การพัฒนาสมรรถนะวิชาชีพ และมีการจัดการศึกษาทั้งระบบปกติและระบบทวิภาคี
ระดับ ปวช.
หลักสูตรประกาศนียบัตรวิชาชีพ พุทธศักราช 2567 เป็นหลักสูตรหลังจบมัธยมศึกษาตอนต้นหรือเทียบเท่า เน้นการเรียนรู้ด้วยการปฏิบัติ เพื่อพัฒนาสมรรถนะระดับฝีมือ 
หน่วยกิตรวม 100–110 หน่วยกิต
หมวดวิชาสมรรถนะแกนกลางไม่น้อยกว่า 20 หน่วยกิต
หมวดวิชาสมรรถนะวิชาชีพไม่น้อยกว่า 70 หน่วยกิต
หมวดวิชาเลือกเสรีไม่น้อยกว่า 10 หน่วยกิต
กิจกรรมเสริมหลักสูตรไม่น้อยกว่า 36 ชั่วโมงต่อภาคเรียน
การจัดการเรียนรู้ในหมวดวิชาสมรรถนะวิชาชีพมีอัตราส่วนภาคทฤษฎีต่อภาคปฏิบัติประมาณ 20:80  
ระดับ ปวส.
หลักสูตรประกาศนียบัตรวิชาชีพชั้นสูง พุทธศักราช 2567 เป็นหลักสูตรหลังจบ ปวช. หรือมัธยมศึกษาตอนปลายหรือเทียบเท่า เน้นสมรรถนะระดับเทคนิคและการปฏิบัติจริง 
หน่วยกิตรวม 80–90 หน่วยกิต
มีระบบปกติและระบบทวิภาคี
1 ปีการศึกษาแบ่งเป็น 2 ภาคเรียน
ภาคเรียนหนึ่งมีระยะเวลาไม่น้อยกว่า 15 สัปดาห์
การเรียนระบบทวิภาคีจัดฝึกอาชีพในสถานประกอบการไม่น้อยกว่า 2 ภาคเรียนปกติ หรือ 1 ปีการศึกษา  
การวัดและประเมินผล
การประเมินผลการเรียนเน้นการประเมินตามสภาพจริง และเป็นไปตามระเบียบกระทรวงศึกษาธิการที่เกี่ยวข้องกับหลักสูตร


### คำถามที่พบบ่อย (FAQ):
Q: วิทยาลัยการอาชีพฝางเปิดสอนระดับใด
Q: ปวช. ใช้หลักสูตรปีใด
Q: ปวส. ใช้หลักสูตรปีใด
Q: ปวช. มีหน่วยกิตรวมเท่าไร
Q: ปวส. มีหน่วยกิตรวมเท่าไร
Q: วิทยาลัยมีระบบทวิภาคีหรือไม่
Q: การเรียนการสอนเน้นอะไร
Q: การประเมินผลการเรียนเป็นอย่างไร

**คำตอบ:**
A: ระดับ ปวช. และ ปวส.
A: หลักสูตรประกาศนียบัตรวิชาชีพ พุทธศักราช 2567
A: หลักสูตรประกาศนียบัตรวิชาชีพชั้นสูง พุทธศักราช 2567
A: 100–110 หน่วยกิต
A: 80–90 หน่วยกิต
A: มี ทั้งระดับ ปวช. และ ปวส. ตามหลักเกณฑ์ของหลักสูตร
A: เน้นการปฏิบัติจริงและการพัฒนาสมรรถนะวิชาชีพ
A: เน้นการประเมินผลตามสภาพจริงและเป็นไปตามระเบียบกระทรวงศึกษาธิการ


📄 **ลิงก์เอกสาร Google Drive:** [เปิดดูเอกสาร](https://drive.google.com/file/d/1hzU_vi-DDxE2XdqrUd2mlt7cxKpQUh3Q/view?usp=drive_link)

🌐 **ลิงก์เว็บไซต์อ้างอิง:** [เปิดหน้าเว็บ](https://www.fve.ac.th/)","ฝ่ายวิชาการ","งานพัฒนาหลักสูตรการเรียนการสอน","[""หลักสูตรฝาง"",""หลักสูตร ปวช"",""หลักสูตร ปวส"",""ปวช 2567"",""ปวส 2567"",""หน่วยกิต ปวช"",""หน่วยกิต ปวส"",""เรียนกี่หน่วยกิต""]","published","8/15/2026","-","https://drive.google.com/file/d/1hzU_vi-DDxE2XdqrUd2mlt7cxKpQUh3Q/view?usp=drive_link"
"km-0007","regulation","ระเบียบวินัย การแต่งกาย และหลักเกณฑ์การลงโทษนักเรียน นักศึกษาวิทยาลัยการอาชีพฝาง","A: ต้องสวมเครื่องแบบตามระเบียบ เช่น กางเกงสีกรมท่า เสื้อเชิ้ตสีขาว เข็มขัดสีดำ และรองเท้าสีดำ A: ต้องใช้เนคไทสีกรมท่าตามระเบียบการแต่งกาย A: ระเบียบกำหนดรองเท้าสีดำ และมีข้อกำหนดเกี่ยวกับรองเท้าแตะและรองเท้าที่ไม่เป็นไปตามระเบียบ A: นักเรียน นักศึกษามีคะแนนความประพฤติคนละ 30 คะแนนต่อปีการศึกษา A: มี","วิทยาลัยกำหนดระเบียบด้านการแต่งกาย พฤติกรรม และหลักเกณฑ์การลงโทษ เพื่อส่งเสริมให้นักเรียน นักศึกษาปฏิบัติตามกฎระเบียบและพัฒนาพฤติกรรมที่เหมาะสม

การแต่งกาย ปวช. ชาย
กางเกงขายาวสีกรมท่า
เสื้อเชิ้ตแขนสั้นสีขาว
ปักชื่อด้านขวาและติดเข็มตราวิทยาลัย
เข็มขัดหนังสีดำ
รองเท้าผ้าใบหรือรองเท้าหนังสีดำ หุ้มส้น
ถุงเท้าสีดำ
ทรงผมรองทรงต่ำ เปิดข้างหูและท้ายทอย
ผมด้านหน้ายาวไม่เกิน 5 เซนติเมตร 
การแต่งกาย ปวช. หญิง
เสื้อเชิ้ตแขนสั้นสีขาว
กระโปรงสีกรมท่า จีบรอบตัว 10 จีบ
เข็มขัดหนังสีดำ
รองเท้าหนังสีดำหุ้มส้น
ห้ามติดขนตาปลอม
หากไว้ผมยาวต้องรวบผมและติดเน็ตสีดำ
ห้ามต่อผม 
การแต่งกาย ปวส. ชาย
กางเกงขายาวสีดำ
เสื้อเชิ้ตแขนยาวสีขาว
เข็มขัดหนังสีดำ
เนคไทสีกรมท่า
รองเท้าสีดำ
ถุงเท้าสีดำ
ทรงผมรองทรงสูง เปิดข้างหูและท้ายทอย
ผมด้านหน้ายาวไม่เกิน 5 เซนติเมตร 
การลงโทษ
มี 4 สถาน ได้แก่
ว่ากล่าวตักเตือน
ทำทัณฑ์บน
ตัดคะแนนความประพฤติ
ทำกิจกรรมเพื่อปรับเปลี่ยนพฤติกรรม 
นักเรียน นักศึกษาทุกคนมีคะแนนความประพฤติ 30 คะแนนต่อปีการศึกษา และการตัดคะแนนมีเกณฑ์ตามระดับความผิด 
ตัวอย่างความผิดที่มีการตัดคะแนน ได้แก่ แต่งกายผิดระเบียบ มาสาย หนีเรียน ไม่เข้าร่วมกิจกรรมหน้าเสาธง ใช้โทรศัพท์หรือสื่อสังคมออนไลน์ในเวลาเรียนโดยไม่ได้รับอนุญาต ใช้อุปกรณ์สื่อสารในเวลาสอบ และพฤติกรรมอื่นตามระเบียบ 
กรณีตัดคะแนน 5, 10, 20, 25, 30 และ 35 คะแนน จะมีมาตรการด้านการตักเตือน ทำทัณฑ์บน เชิญผู้ปกครอง และทำกิจกรรมปรับเปลี่ยนพฤติกรรมตามเกณฑ์ที่กำหนด 
ผู้ถูกลงโทษมีสิทธิอุทธรณ์คำสั่งลงโทษภายใน 15 วันตามหลักเกณฑ์ที่กำหนด


### คำถามที่พบบ่อย (FAQ):
Q: นักเรียน ปวช. ชายต้องแต่งกายอย่างไร
Q: นักศึกษา ปวส. ชายต้องใส่เนคไทหรือไม่
Q: นักเรียนสามารถใส่รองเท้าสีอื่นได้หรือไม่
Q: นักเรียนมีคะแนนความประพฤติกี่คะแนน
Q: การลงโทษนักเรียนมีอะไรบ้าง
Q: มาสายถูกตัดคะแนนหรือไม่
Q: ใช้โทรศัพท์ในห้องเรียนถูกลงโทษหรือไม่
Q: ถ้าถูกลงโทษสามารถอุทธรณ์ได้หรือไม่

**คำตอบ:**
A: ต้องสวมเครื่องแบบตามระเบียบ เช่น กางเกงสีกรมท่า เสื้อเชิ้ตสีขาว เข็มขัดสีดำ และรองเท้าสีดำ
A: ต้องใช้เนคไทสีกรมท่าตามระเบียบการแต่งกาย
A: ระเบียบกำหนดรองเท้าสีดำ และมีข้อกำหนดเกี่ยวกับรองเท้าแตะและรองเท้าที่ไม่เป็นไปตามระเบียบ
A: นักเรียน นักศึกษามีคะแนนความประพฤติคนละ 30 คะแนนต่อปีการศึกษา
A: มี 4 สถาน ได้แก่ ว่ากล่าวตักเตือน ทำทัณฑ์บน ตัดคะแนนความประพฤติ และทำกิจกรรมเพื่อปรับเปลี่ยนพฤติกรรม
A: ตามคู่มือ การมาสายเป็นความผิดที่กำหนดให้ตัดคะแนนความประพฤติ 10 คะแนน
A: การใช้โทรศัพท์หรือสื่อสังคมออนไลน์ในขณะเรียนโดยไม่เกี่ยวข้องกับการเรียนและไม่ได้รับอนุญาต รวมถึงการใช้อุปกรณ์สื่อสารในเวลาสอบ เป็นความผิดที่กำหนดให้ตัดคะแนน
A: สามารถอุทธรณ์ได้ภายใน 15 วันตามหลักเกณฑ์ที่ระบุในระเบียบ


📄 **ลิงก์เอกสาร Google Drive:** [เปิดดูเอกสาร](https://drive.google.com/drive/folders/1FHM28Hdc0OkcggRtyiMAEIde4g2G4dtY?usp=drive_link)

🌐 **ลิงก์เว็บไซต์อ้างอิง:** [เปิดหน้าเว็บ](-)","ฝ่ายพัฒนากิจการนักเรียนนักศึกษา","งานปกครองและสวัสดิการนักเรียนนักศึกษา","[""ระเบียบวิทยาลัยฝาง"",""ระเบียบวินัย"",""กฎนักเรียน"",""กฎนักศึกษา"",""แต่งกาย ปวช"",""แต่งกาย ปวส"",""ชุดนักเรียนฝาง"",""ชุดนักศึกษาฝาง""]","draft","8/15/2026","-","https://drive.google.com/drive/folders/1FHM28Hdc0OkcggRtyiMAEIde4g2G4dtY?usp=drive_link"
"km-0008","document","ช่องทางติดต่อวิทยาลัยการอาชีพฝาง","A: เลขที่ 199 บ้านหนองยาว ตำบลแม่สูน อำเภอฝาง จังหวัดเชียงใหม่ 50110 A: 053-3461819 A: saraban@fve.ac.th A: https://www.fve.ac.th/ A: ตำบลแม่สูน อำเภอฝาง จังหวัดเชียงใหม่ A: มี โดยระบุชื่อว่า ChaingMai05","ชื่อสถานศึกษา: วิทยาลัยการอาชีพฝาง
ที่อยู่:เลขที่ 199 บ้านหนองยาว ตำบลแม่สูน อำเภอฝาง จังหวัดเชียงใหม่ 50110
โทรศัพท์:053-3461819
E-mail:saraban@fve.ac.th
สารบรรณอิเล็กทรอนิกส์:ChaingMai05
เว็บไซต์:https://www.fve.ac.th/ 
Facebook / เพจ: https://www.fve.ac.th/


### คำถามที่พบบ่อย (FAQ):
Q: วิทยาลัยการอาชีพฝางอยู่ที่ไหน
Q: เบอร์โทรศัพท์วิทยาลัยการอาชีพฝางคืออะไร
Q: อีเมลของวิทยาลัยคืออะไร
Q: เว็บไซต์ของวิทยาลัยคืออะไร
Q: วิทยาลัยการอาชีพฝางอยู่ตำบลอะไร
Q: วิทยาลัยมีสารบรรณอิเล็กทรอนิกส์หรือไม่

**คำตอบ:**
A: เลขที่ 199 บ้านหนองยาว ตำบลแม่สูน อำเภอฝาง จังหวัดเชียงใหม่ 50110
A: 053-3461819
A: saraban@fve.ac.th
A: https://www.fve.ac.th/
A: ตำบลแม่สูน อำเภอฝาง จังหวัดเชียงใหม่
A: มี โดยระบุชื่อว่า ChaingMai05


📄 **ลิงก์เอกสาร Google Drive:** [เปิดดูเอกสาร](https://docs.google.com/document/d/1B3kjimdge-5NuriyZTF2pMMWB7tmjsLS1xvouk1Iwnw/edit?usp=drive_link)

🌐 **ลิงก์เว็บไซต์อ้างอิง:** [เปิดหน้าเว็บ](https://www.fve.ac.th/contact)","ฝ่ายบริหารทรัพยากร","งานบริหารงานทั่วไป","[""ติดต่อวิทยาลัยฝาง"",""เบอร์วิทยาลัยฝาง"",""โทรศัพท์วิทยาลัยฝาง"",""เบอร์โทรฝาง"",""ที่อยู่ วิทยาลัยการอาชีพฝาง"",""วิทยาลัยการอาชีพฝางอยู่ที่ไหน"",""เว็บไซต์วิทยาลัยฝาง"",""เว็บฝาง""]","draft","8/15/2026","-","https://docs.google.com/document/d/1B3kjimdge-5NuriyZTF2pMMWB7tmjsLS1xvouk1Iwnw/edit?usp=drive_link"
"km-0009","document","คณะผู้บริหารวิทยาลัยการอาชีพฝาง","A: นายปัญญา ช่างงาน A: นางวิลาวัลย์ วัชโรทัย A: นางสาวชวาลินี สิงห์คำ A: นายวรพงศ์ วงค์อ้าย A: นายชาลัน คุณหลวง A: นายปัญญา ช่างงาน A: 090-319-6418 A: 082-707-1550 A: 086-445-4331 A: 086-586-8932","คณะผู้บริหารวิทยาลัยการอาชีพฝาง ประกอบด้วยผู้อำนวยการวิทยาลัย 1 ราย และรองผู้อำนวยการ 4 ราย ซึ่งรับผิดชอบฝ่ายวิชาการ ฝ่ายยุทธศาสตร์และแผนงาน ฝ่ายบริหารทรัพยากร และฝ่ายกิจการนักเรียนและนักศึกษา Fang Vocational College
1. ผู้อำนวยการวิทยาลัยการอาชีพฝาง
นายปัญญา ช่างงาน
ตำแหน่ง: ผู้อำนวยการวิทยาลัยการอาชีพฝาง
โทรศัพท์: 090-319-6418

เว็บไซต์วิทยาลัยมีหน้าโปรไฟล์บุคลากรของนายปัญญา ช่างงาน โดยระบุว่าเป็นผู้อำนวยการวิทยาลัยการอาชีพฝาง และระบุวุฒิการศึกษาระดับปริญญาโทหรือเทียบเท่า Fang Vocational College
2. รองผู้อำนวยการฝ่ายวิชาการ
นางวิลาวัลย์ วัชโรทัย
ตำแหน่ง: รองผู้อำนวยการฝ่ายวิชาการ
โทรศัพท์: 082-707-1550

3. รองผู้อำนวยการฝ่ายยุทธศาสตร์และแผนงาน
นางสาวชวาลินี สิงห์คำ
ตำแหน่ง: รองผู้อำนวยการฝ่ายยุทธศาสตร์และแผนงาน
โทรศัพท์: 086-445-4331

4. รองผู้อำนวยการฝ่ายบริหารทรัพยากร
นายวรพงศ์ วงค์อ้าย
ตำแหน่ง: รองผู้อำนวยการฝ่ายบริหารทรัพยากร
โทรศัพท์: 086-586-8932

5. รองผู้อำนวยการฝ่ายกิจการนักเรียนและนักศึกษา
นายชาลัน คุณหลวง
ตำแหน่ง: รองผู้อำนวยการฝ่ายกิจการนักเรียนและนักศึกษา
โทรศัพท์: 081-764-9869


### คำถามที่พบบ่อย (FAQ):
Q: ใครเป็นผู้อำนวยการวิทยาลัยการอาชีพฝาง?
Q: ใครเป็นรองผู้อำนวยการฝ่ายวิชาการ?
Q: ใครเป็นรองผู้อำนวยการฝ่ายยุทธศาสตร์และแผนงาน?
Q: ใครเป็นรองผู้อำนวยการฝ่ายบริหารทรัพยากร?
Q: ใครเป็นรองผู้อำนวยการฝ่ายกิจการนักเรียนและนักศึกษา?
Q: ผู้อำนวยการวิทยาลัยการอาชีพฝางชื่ออะไร?
Q: เบอร์โทรศัพท์ผู้อำนวยการวิทยาลัยการอาชีพฝางคืออะไร?
Q: รองผู้อำนวยการฝ่ายวิชาการเบอร์อะไร?
Q: รองผู้อำนวยการฝ่ายยุทธศาสตร์และแผนงานเบอร์อะไร?
Q: รองผู้อำนวยการฝ่ายบริหารทรัพยากรเบอร์อะไร?

**คำตอบ:**
A: นายปัญญา ช่างงาน
A: นางวิลาวัลย์ วัชโรทัย
A: นางสาวชวาลินี สิงห์คำ
A: นายวรพงศ์ วงค์อ้าย
A: นายชาลัน คุณหลวง
A: นายปัญญา ช่างงาน
A: 090-319-6418
A: 082-707-1550
A: 086-445-4331
A: 086-586-8932


📄 **ลิงก์เอกสาร Google Drive:** [เปิดดูเอกสาร](https://drive.google.com/drive/folders/1XWK4Tw4oHwUXvt_LEuMFM-qXvHdCT6Li?usp=drive_link)

🌐 **ลิงก์เว็บไซต์อ้างอิง:** [เปิดหน้าเว็บ](https://www.fve.ac.th/About/information_about_manage)","ฝ่ายบริหารทรัพยากร","งานบริหารงานทั่วไป","[""ผู้บริหาร"",""คณะผู้บริหาร"",""ผู้บริหารวิทยาลัย"",""วิทยาลัยการอาชีพฝาง"",""ผู้อำนวยการ"",""ผอ."",""ผอ.วิทยาลัยการอาชีพฝาง"",""นายปัญญา ช่างงาน""]","draft","8/15/2026","-","https://drive.google.com/drive/folders/1XWK4Tw4oHwUXvt_LEuMFM-qXvHdCT6Li?usp=drive_link"
"km-0010","document","รายชื่อครูและบุคลากรสาขาวิชาเทคโนโลยีธุรกิจดิจิทัล","A: นายปัฐวิกรณ์ บุญต่าย A: นางสาวอัมรัตน์ ซ่อนกลิ่น A: มีครูประจำสาขาวิชาที่เว็บไซต์ระบุ 8 ราย A: สาขาวิชาเทคโนโลยีธุรกิจดิจิทัล A: ว่าที่ร้อยตรีอภิสิทธิ์ ธิดา, นายนฤเบศ สอนง่าย, นายเกียรติพงษ์ เพชรสำลี, นางสาวพัชรา ตาวงค์, นายกิตติพงษ์ เหล่ารุ่งเรืองกุล และนายภัคพล บำรุงเกียรติ","สาขาวิชาเทคโนโลยีธุรกิจดิจิทัลมีหัวหน้าสาขาวิชา ผู้ช่วยหัวหน้าสาขาวิชา และครูประจำสาขาวิชา รวม 8 ราย
หัวหน้าสาขาวิชา
นายปัฐวิกรณ์ บุญต่าย — ครู
ผู้ช่วยหัวหน้าสาขาวิชา
นางสาวอัมรัตน์ ซ่อนกลิ่น — พนักงานราชการ
ครูประจำสาขาวิชา
ว่าที่ร้อยตรี อภิสิทธิ์ ธิดา — ครูพิเศษสอน
นาย นฤเบศ สอนง่าย — ครูพิเศษสอน
นาย เกียรติพงษ์ เพชรสำลี — ครูพิเศษสอน
นางสาว พัชรา ตาวงค์ — ครูพิเศษสอน
นาย ภัคพล บำรุงเกียรติ — ครูพิเศษสอน
นาย กิตติพงษ์ เหล่ารุ่งเรืองกุล — ครูพิเศษสอน


### คำถามที่พบบ่อย (FAQ):
Q: ใครเป็นหัวหน้าสาขาวิชาเทคโนโลยีธุรกิจดิจิทัล?
Q: ใครเป็นผู้ช่วยหัวหน้าสาขาวิชาเทคโนโลยีธุรกิจดิจิทัล?
Q: สาขาเทคโนโลยีธุรกิจดิจิทัลมีครูกี่คน?
Q: นายภัคพล บำรุงเกียรติอยู่สาขาอะไร?
Q: ครูสาขาเทคโนโลยีธุรกิจดิจิทัลมีใครบ้าง?

**คำตอบ:**
A: นายปัฐวิกรณ์ บุญต่าย
A: นางสาวอัมรัตน์ ซ่อนกลิ่น
A: มีครูประจำสาขาวิชาที่เว็บไซต์ระบุ 8 ราย
A: สาขาวิชาเทคโนโลยีธุรกิจดิจิทัล
A: ว่าที่ร้อยตรีอภิสิทธิ์ ธิดา, นายนฤเบศ สอนง่าย, นายเกียรติพงษ์ เพชรสำลี, นางสาวพัชรา ตาวงค์, นายกิตติพงษ์ เหล่ารุ่งเรืองกุล และนายภัคพล บำรุงเกียรติ


📄 **ลิงก์เอกสาร Google Drive:** [เปิดดูเอกสาร](https://drive.google.com/drive/folders/1r-HMY7WxwXLgEhn89PJI9LjbI_zOROmU?usp=drive_link)

🌐 **ลิงก์เว็บไซต์อ้างอิง:** [เปิดหน้าเว็บ](https://www.fve.ac.th/Course/detail/70)","ฝ่ายบริหารทรัพยากร","งานบริหารและพัฒนาทรัพยากรบุคคล","[""เทคโนโลยีธุรกิจดิจิทัล"",""ธุรกิจดิจิทัล"",""Digital Business"",""แผนกดิจิทัล"",""ครูดิจิทัล"",""ครูคอม"",""ครูคอมพิวเตอร์"",""รายชื่อครูดิจิทัล""]","draft","8/16/2026","-","https://drive.google.com/drive/folders/1r-HMY7WxwXLgEhn89PJI9LjbI_zOROmU?usp=drive_link"
"km-0011","document","รายชื่อครูและบุคลากรสาขาวิชาการตลาด","A: นางสาวสุรัสวดี เรือนหน้อย A: นางวรนุช มาอินทร์ A: ครูประจำสาขาวิชา 10 ราย A: สาขาวิชาการตลาด","สาขาวิชาการตลาดมีหัวหน้าสาขาวิชา ผู้ช่วยหัวหน้าสาขาวิชา และครูประจำสาขาวิชา รวม 12 ราย 
หัวหน้าสาขาวิชา
นางสาวสุรัสวดี เรือนหน้อย — ครู
ผู้ช่วยหัวหน้าสาขาวิชา
นางวรนุช มาอินทร์ — พนักงานราชการ
ครูประจำสาขาวิชา
นางสาวมณีรัตน์ ยุบลไมย์
นางเยาวเรศ เทพแปง
นางสาวกาญจนา มุงเมือง
นางสาวพัชรี ชิตแก้ว
นายรุ่งนิรันดร์ วิพันสาตร์
นางสาวหนึ่งฤดี ชูริด
นางสาวกฤษณา ชุมภูพล้อย
นางสาวอันธิกา ศักดิ์งาม 
นางสาวพิมพ์พิชชา ละคำปา                                                                                      นายณัฐพล น้อยตุ่น


### คำถามที่พบบ่อย (FAQ):
Q: ใครเป็นหัวหน้าสาขาวิชาการตลาด?
Q: ใครเป็นผู้ช่วยหัวหน้าสาขาวิชาการตลาด?
Q: ครูแผนกการตลาดมีใครบ้าง?
Q: นางสาวสุรัสวดี เรือนหน้อยอยู่แผนกอะไร?

**คำตอบ:**
A: นางสาวสุรัสวดี เรือนหน้อย
A: นางวรนุช มาอินทร์
A: ครูประจำสาขาวิชา 10 ราย
A: สาขาวิชาการตลาด


📄 **ลิงก์เอกสาร Google Drive:** [เปิดดูเอกสาร](https://drive.google.com/drive/folders/1C4NPWj3TVPkpv5HABeP1Z_-WvtF_Qtjp?usp=drive_link)

🌐 **ลิงก์เว็บไซต์อ้างอิง:** [เปิดหน้าเว็บ](https://www.fve.ac.th/Course/detail/86)","ฝ่ายบริหารทรัพยากร","งานบริหารและพัฒนาทรัพยากรบุคคล","[""การตลาด"",""แผนกการตลาด"",""ครูการตลาด"",""ครูการตลาดฝาง"",""สุรัสวดี"",""วรนุช"",""มณีรัตน์"",""เยาวเรศ""]","draft","8/16/2026","-","https://drive.google.com/drive/folders/1C4NPWj3TVPkpv5HABeP1Z_-WvtF_Qtjp?usp=drive_link"
"km-0012","document","รายชื่อครูและบุคลากรสาขาวิชาการโรงแรม","A: นางสาวดารุณี วรรณเรศ A: นายเนติพงศ์ สีปาน A: เว็บไซต์หน้าสาขาระบุหัวหน้าสาขาและผู้ช่วยหัวหน้าสาขา 2 ราย ส่วนครูประจำสาขาเพิ่มเติมไม่ระบุ A: สาขาวิชาการโรงแรม","รายชื่อครูและบุคลากรสาขาวิชาการโรงแรม
หัวหน้าสาขาวิชา
นางสาวดารุณี วรรณเรศ — ครูชำนาญการ
ผู้ช่วยหัวหน้าสาขาวิชา
นายเนติพงศ์ สีปาน — ครู
ครูประจำสาขาวิชาเพิ่มเติม: ไม่ระบุในหน้าข้อมูลที่ตรวจสอบ


### คำถามที่พบบ่อย (FAQ):
Q: ใครเป็นหัวหน้าสาขาวิชาการโรงแรม?
Q: ใครเป็นผู้ช่วยหัวหน้าสาขาวิชาการโรงแรม?
Q: ครูการโรงแรมมีใครบ้าง?
Q: นางสาวดารุณี วรรณเรศอยู่แผนกอะไร?

**คำตอบ:**
A: นางสาวดารุณี วรรณเรศ
A: นายเนติพงศ์ สีปาน
A: เว็บไซต์หน้าสาขาระบุหัวหน้าสาขาและผู้ช่วยหัวหน้าสาขา 2 ราย ส่วนครูประจำสาขาเพิ่มเติมไม่ระบุ
A: สาขาวิชาการโรงแรม

🌐 **ลิงก์เว็บไซต์อ้างอิง:** [เปิดหน้าเว็บ](https://drive.google.com/drive/folders/1u4TBYVXCBTjDwbFOVmWeFvOwAFt7kyIU?usp=drive_link)","ฝ่ายบริหารทรัพยากร","งานบริหารและพัฒนาทรัพยากรบุคคล","[""การโรงแรม"",""โรงแรม"",""แผนกโรงแรม"",""ครูโรงแรม"",""ครูการโรงแรม"",""ดารุณี"",""เนติพงศ์"",""ครูดารุณี""]","draft","8/16/2026","-","-"
"km-0013","document","รายชื่อครูและบุคลากรสาขาวิชาเครือข่ายคอมพิวเตอร์และความปลอดภัย","A: นายศุทิชัย อายุมั่น A: นายธนุรเวท อายุมั่น A: นายพรรณพัชณรงค์ รัมภารัตน์ A: สาขาวิชาเครือข่ายคอมพิวเตอร์และความปลอดภัย A: นายศุทิชัย อายุมั่น, นายธนุรเวท อายุมั่น และนายพรรณพัชณรงค์ รัมภารัตน์","สาขาวิชาเครือข่ายคอมพิวเตอร์และความปลอดภัย มีบุคลากรที่เว็บไซต์ระบุ ได้แก่ หัวหน้าสาขาวิชา ผู้ช่วยหัวหน้าสาขาวิชา และครูประจำสาขาวิชา จำนวน 3 ราย ได้แก่
หัวหน้าสาขาวิชา
นายศุทิชัย อายุมั่น — ครูชำนาญการ
ผู้ช่วยหัวหน้าสาขาวิชา
นายธนุรเวท อายุมั่น — ครูพิเศษสอน
ครูประจำสาขาวิชา
นายพรรณพัชณรงค์ รัมภารัตน์ — พนักงานราชการ


### คำถามที่พบบ่อย (FAQ):
Q: ใครเป็นหัวหน้าสาขาวิชาเครือข่ายคอมพิวเตอร์และความปลอดภัย?
Q: ใครเป็นผู้ช่วยหัวหน้าสาขา?
Q: ใครเป็นครูประจำสาขาเครือข่ายคอมพิวเตอร์?
Q: นายศุทิชัย อายุมั่นสอนแผนกอะไร?.
Q: แผนก Cyber Security มีครูใครบ้าง?

**คำตอบ:**
A: นายศุทิชัย อายุมั่น
A: นายธนุรเวท อายุมั่น
A: นายพรรณพัชณรงค์ รัมภารัตน์
A: สาขาวิชาเครือข่ายคอมพิวเตอร์และความปลอดภัย
A: นายศุทิชัย อายุมั่น, นายธนุรเวท อายุมั่น และนายพรรณพัชณรงค์ รัมภารัตน์


📄 **ลิงก์เอกสาร Google Drive:** [เปิดดูเอกสาร](https://drive.google.com/drive/folders/1Y3r8m7D7LZKf7IMG2lPYicPl5tQ4aNLj?usp=drive_link)

🌐 **ลิงก์เว็บไซต์อ้างอิง:** [เปิดหน้าเว็บ](https://www.fve.ac.th/Course/detail/108)","ฝ่ายบริหารทรัพยากร","งานบริหารและพัฒนาทรัพยากรบุคคล","[""เครือข่ายคอมพิวเตอร์"",""ความปลอดภัย"",""Cyber Security"",""Network"",""Network Security"",""แผนกเครือข่าย"",""ครูเครือข่าย"",""ครูคอม""]","draft","8/16/2026","-","https://drive.google.com/drive/folders/1Y3r8m7D7LZKf7IMG2lPYicPl5tQ4aNLj?usp=drive_link"
"km-0014","document","รายชื่อครูและบุคลากรสาขาวิชาช่างก่อสร้าง","A: ว่าที่ร้อยตรีหญิงนฤมล วงค์ร้อย A: นายพิชญนนท์ เรือนใจ A: นางสาวธนิฤฐา ธัญญ์นิฏฐาสกุล นายพิชญนนท์ เรือนใจ ว่าที่ร้อยตรีหญิงนฤมล วงค์ร้อย","สาขาวิชาช่างก่อสร้างมีหัวหน้าสาขาวิชา ผู้ช่วยหัวหน้าสาขาวิชา และครูประจำสาขาวิชา
จำนวน 3 รายได้แก่
หัวหน้าสาขาวิชา
ว่าที่ร้อยตรีหญิงนฤมล วงค์ร้อย — ครู
ผู้ช่วยหัวหน้าสาขาวิชา
นายพิชญนนท์ เรือนใจ — ครูพิเศษสอน
ครูประจำสาขาวิชา
นางสาวธนิฤฐา ธัญญ์นิฏฐาสกุล — ครูจ้างสอน


### คำถามที่พบบ่อย (FAQ):
Q: ใครเป็นหัวหน้าสาขาวิชาช่างก่อสร้าง?
Q: ใครเป็นผู้ช่วยหัวหน้าสาขาวิชาช่างก่อสร้าง?
Q: ใครเป็นครูประจำสาขาวิชาช่างก่อสร้าง?

**คำตอบ:**
A: ว่าที่ร้อยตรีหญิงนฤมล วงค์ร้อย
A: นายพิชญนนท์ เรือนใจ
A: นางสาวธนิฤฐา ธัญญ์นิฏฐาสกุล นายพิชญนนท์ เรือนใจ ว่าที่ร้อยตรีหญิงนฤมล วงค์ร้อย


📄 **ลิงก์เอกสาร Google Drive:** [เปิดดูเอกสาร](https://drive.google.com/drive/folders/1mUWo1aN0rnj0noSJVHOhf0Et0lUHlaEt?usp=drive_link)

🌐 **ลิงก์เว็บไซต์อ้างอิง:** [เปิดหน้าเว็บ](https://www.fve.ac.th/Course/detail/79)","ฝ่ายบริหารทรัพยากร","งานบริหารและพัฒนาทรัพยากรบุคคล","[""ช่างก่อสร้าง"",""ก่อสร้าง"",""แผนกก่อสร้าง"",""ครูก่อสร้าง"",""ครูช่างก่อสร้าง"",""นฤมล"",""พิชญนนท์"",""ธนิฤฐา""]","draft","8/16/2026","-","https://drive.google.com/drive/folders/1mUWo1aN0rnj0noSJVHOhf0Et0lUHlaEt?usp=drive_link"
"km-0015","document","รายชื่อครูและบุคลากรสาขาวิชาช่างเชื่อมโลหะ","A: นายดม ปิจจวงค์ A: นายจักรีภพ ไชยประดิษฐ A: นายพงษ์มนัส เมฆแสน นายเจษฎา จินาการณ์ และนายสุภวัทน์ คำภาอินทร์ A: สาขาวิชาช่างเชื่อมโลหะ","รายชื่อครูและบุคลากรสาขาวิชาช่างเชื่อมโลหะ จำนวน 5 ราย ได้แก่
หัวหน้าสาขาวิชา
นายดม ปิจจวงค์ — พนักงานราชการ
ผู้ช่วยหัวหน้าสาขาวิชา
นายจักรีภพ ไชยประดิษฐ — ครูพิเศษสอน
ครูประจำสาขาวิชา
นายพงษ์มนัส เมฆแสน
นายเจษฎา จินาการณ์
นายสุภวัทน์ คำภาอินทร์


### คำถามที่พบบ่อย (FAQ):
Q: ใครเป็นหัวหน้าสาขาวิชาช่างเชื่อมโลหะ?
Q: ใครเป็นผู้ช่วยหัวหน้าสาขา?
Q: ครูช่างเชื่อมมีใครบ้าง?
Q: นายดม ปิจจวงค์อยู่แผนกอะไร?

**คำตอบ:**
A: นายดม ปิจจวงค์
A: นายจักรีภพ ไชยประดิษฐ
A: นายพงษ์มนัส เมฆแสน นายเจษฎา จินาการณ์ และนายสุภวัทน์ คำภาอินทร์
A: สาขาวิชาช่างเชื่อมโลหะ


📄 **ลิงก์เอกสาร Google Drive:** [เปิดดูเอกสาร](https://drive.google.com/drive/folders/1O7AMmbcghhGQsltjfOTrZU-hOdZ1GlSt?usp=drive_link)

🌐 **ลิงก์เว็บไซต์อ้างอิง:** [เปิดหน้าเว็บ](https://www.fve.ac.th/Course/detail/81)","ฝ่ายบริหารทรัพยากร","งานบริหารและพัฒนาทรัพยากรบุคคล","[""ช่างเชื่อม"",""เชื่อมโลหะ"",""ช่างเชื่อมโลหะ"",""แผนกเชื่อม"",""ครูช่างเชื่อม"",""ดม"",""จักรีภพ"",""พงษ์มนัส""]","draft","8/16/2026","-","https://drive.google.com/drive/folders/1O7AMmbcghhGQsltjfOTrZU-hOdZ1GlSt?usp=drive_link"
"km-0016","document","รายชื่อครูและบุคลากรสาขาวิชาช่างซ่อมบำรุง","A: นายณัชพล แก้วคำมูล A: หน้าที่ตรวจสอบระบุหัวหน้าสาขาวิชาเพียง 1 ราย A: ไม่ระบุ","รายชื่อครูและบุคลากรสาขาวิชาช่างซ่อมบำรุง
หัวหน้าสาขาวิชา
นายณัชพล แก้วคำมูล — พนักงานราชการ


### คำถามที่พบบ่อย (FAQ):
Q: ใครเป็นหัวหน้าสาขาวิชาช่างซ่อมบำรุง?
Q: สาขาช่างซ่อมบำรุงมีครูใครบ้าง?
Q: ใครเป็นผู้ช่วยหัวหน้าสาขาช่างซ่อมบำรุง?

**คำตอบ:**
A: นายณัชพล แก้วคำมูล
A: หน้าที่ตรวจสอบระบุหัวหน้าสาขาวิชาเพียง 1 ราย
A: ไม่ระบุ


📄 **ลิงก์เอกสาร Google Drive:** [เปิดดูเอกสาร](https://drive.google.com/drive/folders/1Ri7l_ANNq8gvQIQX5Cg7fLAVlGsOKzAL?usp=drive_link)

🌐 **ลิงก์เว็บไซต์อ้างอิง:** [เปิดหน้าเว็บ](https://www.fve.ac.th/Course/detail/97)","ฝ่ายบริหารทรัพยากร","งานบริหารและพัฒนาทรัพยากรบุคคล","[""ช่างซ่อมบำรุง"",""ซ่อมบำรุง"",""แผนกซ่อมบำรุง"",""ครูซ่อมบำรุง"",""ณัชพล"",""ณัชพล แก้วคำมูล"",""หัวหน้าแผนกซ่อมบำรุง""]","draft","8/16/2026","-","https://drive.google.com/drive/folders/1Ri7l_ANNq8gvQIQX5Cg7fLAVlGsOKzAL?usp=drive_link"
"km-0017","document","รายชื่อครูและบุคลากรสาขาวิชาช่างเทคนิคคอมพิวเตอร์","A: นายศุทิชัย อายุมั่น A: นายธนุรเวท อายุมั่น A: นายพรรณพัชณรงค์ รัมภารัตน์ A: ไม่เหมือนกัน เว็บไซต์วิทยาลัยแยกเป็นคนละรายการ โดยช่างเทคนิคคอมพิวเตอร์อยู่ในหลักสูตรเดิม","รายชื่อครูและบุคลากรสาขาวิชาช่างเทคนิคคอมพิวเตอร์
หัวหน้าสาขาวิชา
นายศุทิชัย อายุมั่น — ครูชำนาญการ
ผู้ช่วยหัวหน้าสาขาวิชา
นายธนุรเวท อายุมั่น — ครูพิเศษสอน
ครูประจำสาขาวิชา
นายพรรณพัชณรงค์ รัมภารัตน์ — พนักงานราชการ


### คำถามที่พบบ่อย (FAQ):
Q: ใครเป็นหัวหน้าสาขาวิชาช่างเทคนิคคอมพิวเตอร์?
Q: ใครเป็นผู้ช่วยหัวหน้าสาขาวิชาช่างเทคนิคคอมพิวเตอร์?
Q: ใครเป็นครูประจำสาขาช่างเทคนิคคอมพิวเตอร์?
Q: ช่างเทคนิคคอมพิวเตอร์กับเทคโนโลยีธุรกิจดิจิทัลเหมือนกันหรือไม่?

**คำตอบ:**
A: นายศุทิชัย อายุมั่น
A: นายธนุรเวท อายุมั่น
A: นายพรรณพัชณรงค์ รัมภารัตน์
A: ไม่เหมือนกัน เว็บไซต์วิทยาลัยแยกเป็นคนละรายการ โดยช่างเทคนิคคอมพิวเตอร์อยู่ในหลักสูตรเดิม


📄 **ลิงก์เอกสาร Google Drive:** [เปิดดูเอกสาร](https://drive.google.com/drive/folders/1D7Ve7AuRYYKgzmv7KplIxe2O_C18BrPt?usp=drive_link)

🌐 **ลิงก์เว็บไซต์อ้างอิง:** [เปิดหน้าเว็บ](https://www.fve.ac.th/Course/detail/98)","ฝ่ายบริหารทรัพยากร","งานบริหารและพัฒนาทรัพยากรบุคคล","[""ช่างเทคนิคคอมพิวเตอร์"",""เทคนิคคอม"",""คอมพิวเตอร์"",""แผนกคอมพิวเตอร์"",""ครูช่างเทคนิคคอมพิวเตอร์"",""ศุทิชัย"",""ธนุรเวท"",""พรรณพัชณรงค์""]","draft","8/16/2026","-","https://drive.google.com/drive/folders/1D7Ve7AuRYYKgzmv7KplIxe2O_C18BrPt?usp=drive_link"
"km-0018","document","รายชื่อครูและบุคลากรสาขาวิชาช่างไฟฟ้า","A: นายอดิศร ฐิติธรรมรัตน์ A: นายเอกพันธ์ หม่อมนวล A: เว็บไซต์ระบุครูประจำสาขาวิชา 12 ราย ได้แก่ นายธวัชชัย ปัญควนิช นายจารึก ไชยวงค์ นายมงคล ไชยเชษฐ นางสาวนิภาพร ข่าเหล็ก นายศตายุ เนียมสนิท นายปิยะ ชุ่มเย็น นางสาววาสนา สมคำ นางสาววาสนา สันหะ นายภัทราวุธ นันต๊ะสิงห์ และนายวชิรวิทย์ โถปริก A: สาขาวิชา","สาขาวิชาช่างไฟฟ้ามีหัวหน้าสาขาวิชา ผู้ช่วยหัวหน้าสาขาวิชา และครูประจำสาขาวิชาตามข้อมูลที่เผยแพร่บนเว็บไซต์วิทยาลัย
หัวหน้าสาขาวิชา
นายอดิศร ฐิติธรรมรัตน์ — พนักงานราชการ
ผู้ช่วยหัวหน้าสาขาวิชา
นายเอกพันธ์ หม่อมนวล — ครู
ครูประจำสาขาวิชา
นายธวัชชัย ปัญควนิช
นายจารึก ไชยวงค์
นายมงคล ไชยเชษฐ
นางสาวนิภาพร ข่าเหล็ก
นายศตายุ เนียมสนิท
นายปิยะ ชุ่มเย็น
นางสาววาสนา สมคำ
นางสาววาสนา สันหะ
นายภัทราวุธ นันต๊ะสิงห์
นายวชิรวิทย์ โถปริก


### คำถามที่พบบ่อย (FAQ):
Q: ใครเป็นหัวหน้าสาขาวิชาช่างไฟฟ้า?
Q: ใครเป็นผู้ช่วยหัวหน้าสาขาวิชาช่างไฟฟ้า?
Q: ครูแผนกช่างไฟฟ้ามีใครบ้าง?
Q: นายจารึก ไชยวงค์อยู่แผนกอะไร?
Q: นายอดิศร ฐิติธรรมรัตน์เป็นหัวหน้าแผนกอะไร?

**คำตอบ:**
A: นายอดิศร ฐิติธรรมรัตน์
A: นายเอกพันธ์ หม่อมนวล
A: เว็บไซต์ระบุครูประจำสาขาวิชา 12 ราย ได้แก่ นายธวัชชัย ปัญควนิช นายจารึก ไชยวงค์ นายมงคล ไชยเชษฐ นางสาวนิภาพร ข่าเหล็ก นายศตายุ เนียมสนิท นายปิยะ ชุ่มเย็น นางสาววาสนา สมคำ นางสาววาสนา สันหะ นายภัทราวุธ นันต๊ะสิงห์ และนายวชิรวิทย์ โถปริก
A: สาขาวิชาช่างไฟฟ้า
A: สาขาวิชาช่างไฟฟ้า


📄 **ลิงก์เอกสาร Google Drive:** [เปิดดูเอกสาร](https://drive.google.com/drive/folders/1x59EXDB5ee66fyhTghEwSJOx3jkc3cB-?usp=drive_link)

🌐 **ลิงก์เว็บไซต์อ้างอิง:** [เปิดหน้าเว็บ](https://www.fve.ac.th/Course/detail/102)","ฝ่ายบริหารทรัพยากร","งานบริหารและพัฒนาทรัพยากรบุคคล","[""ช่างไฟฟ้า"",""ไฟฟ้า"",""แผนกไฟฟ้า"",""ครูไฟฟ้า"",""ครูช่างไฟฟ้า"",""รายชื่อครูไฟฟ้า"",""หัวหน้าแผนกไฟฟ้า"",""อดิศร""]","draft","8/16/2026","-","https://drive.google.com/drive/folders/1x59EXDB5ee66fyhTghEwSJOx3jkc3cB-?usp=drive_link"
"km-0019","document","รายชื่อครูและบุคลากรสาขาวิชาเทคนิคเครื่องกล","A: นายพิเชษฐ์ แสงดาว A: นายเกียรติศักดิ์ วงศ์ษา A: มีนายสมชาย แสงคำ นายณัฐวุฒิ บุญยัง นายอรรถกร หมอเอ็ด นายวัฒนา กุณาฝั้น นายอภินัทธ์ แซ่ลี นายปฏิภาณ สวัสดี นายวรายุส วิชัย และนายธนวัฒน์ วิชัย A: สาขาวิชาเทคนิคเครื่องกล A: สาขาวิชาเทคนิคเครื่องกล","สาขาวิชาเทคนิคเครื่องกลมีหัวหน้าสาขาวิชา ผู้ช่วยหัวหน้าสาขาวิชา และครูประจำสาขาวิชา รวม 10 รายตามเว็บไซต์วิทยาลัย
หัวหน้าสาขาวิชา
นายพิเชษฐ์ แสงดาว — ครู
ผู้ช่วยหัวหน้าสาขาวิชา
นายเกียรติศักดิ์ วงศ์ษา — ครู
ครูประจำสาขาวิชา
นายสมชาย แสงคำ
นายณัฐวุฒิ บุญยัง
นายอรรถกร หมอเอ็ด
นายวัฒนา กุณาฝั้น
นายอภินัทธ์ แซ่ลี
นายปฏิภาณ สวัสดี
นายวรายุส วิชัย
นายธนวัฒน์ วิชัย


### คำถามที่พบบ่อย (FAQ):
Q: ใครเป็นหัวหน้าแผนกเทคนิคเครื่องกล?
Q: ใครเป็นผู้ช่วยหัวหน้าแผนกเทคนิคเครื่องกล?
Q: ครูแผนกเทคนิคเครื่องกลมีใครบ้าง?
Q: ครูพิเชษฐ์อยู่แผนกอะไร?
Q: นายวรายุส วิชัยอยู่สาขาอะไร?

**คำตอบ:**
A: นายพิเชษฐ์ แสงดาว
A: นายเกียรติศักดิ์ วงศ์ษา
A: มีนายสมชาย แสงคำ นายณัฐวุฒิ บุญยัง นายอรรถกร หมอเอ็ด นายวัฒนา กุณาฝั้น นายอภินัทธ์ แซ่ลี นายปฏิภาณ สวัสดี นายวรายุส วิชัย และนายธนวัฒน์ วิชัย
A: สาขาวิชาเทคนิคเครื่องกล
A: สาขาวิชาเทคนิคเครื่องกล


📄 **ลิงก์เอกสาร Google Drive:** [เปิดดูเอกสาร](https://drive.google.com/drive/folders/12WlWo4Xw0YK4h1EInHpUpIPMDn_xdD1F?usp=drive_link)

🌐 **ลิงก์เว็บไซต์อ้างอิง:** [เปิดหน้าเว็บ](https://www.fve.ac.th/Course/detail/100)","ฝ่ายบริหารทรัพยากร","งานบริหารและพัฒนาทรัพยากรบุคคล","[""เทคนิคเครื่องกล"",""เครื่องกล"",""ช่างเครื่องกล"",""แผนกเครื่องกล"",""ครูเครื่องกล"",""ครูช่างยนต์"",""พิเชษฐ์"",""เกียรติศักดิ์""]","draft","8/16/2026","-","https://drive.google.com/drive/folders/12WlWo4Xw0YK4h1EInHpUpIPMDn_xdD1F?usp=drive_link"
"km-0020","document","รายชื่อครูและบุคลากรสาขาวิชาเทคโนโลยีอุตสาหกรรมตัวถังและสีรถยนต์","A: นายอนุสรณ์ ไสยรัตน์ A: นายรุ่ง ชมภูมิ่ง A: ไม่ระบุในหน้าข้อมูลที่ตรวจสอบ","รายชื่อครูและบุคลากรสาขาวิชาเทคโนโลยีอุตสาหกรรมตัวถังและสีรถยนต์
หัวหน้าสาขาวิชา: ไม่ระบุ
ผู้ช่วยหัวหน้าสาขาวิชา
นายอนุสรณ์ ไสยรัตน์ — ครูพิเศษสอน
ครูประจำสาขาวิชา
นายรุ่ง ชมภูมิ่ง — พนักงานราชการ


### คำถามที่พบบ่อย (FAQ):
Q: ใครเป็นผู้ช่วยหัวหน้าสาขาวิชาตัวถังและสีรถยนต์?
Q: ใครเป็นครูประจำสาขาตัวถังและสีรถยนต์?
Q: ใครเป็นหัวหน้าสาขาวิชานี้?

**คำตอบ:**
A: นายอนุสรณ์ ไสยรัตน์
A: นายรุ่ง ชมภูมิ่ง
A: ไม่ระบุในหน้าข้อมูลที่ตรวจสอบ


📄 **ลิงก์เอกสาร Google Drive:** [เปิดดูเอกสาร](https://drive.google.com/drive/folders/1oLZnvj7u3gZSRPS5UyzZW8lWiyJPO5Oy?usp=drive_link)

🌐 **ลิงก์เว็บไซต์อ้างอิง:** [เปิดหน้าเว็บ](https://www.fve.ac.th/Course/detail/82)","ฝ่ายบริหารทรัพยากร","งานบริหารและพัฒนาทรัพยากรบุคคล","[""ตัวถังและสีรถยนต์"",""สีรถยนต์"",""ตัวถังรถยนต์"",""แผนกตัวถัง"",""แผนกสีรถ"",""ครูตัวถัง"",""ครูสีรถยนต์"",""อนุสรณ์""]","draft","8/16/2026","-","https://drive.google.com/drive/folders/1oLZnvj7u3gZSRPS5UyzZW8lWiyJPO5Oy?usp=drive_link"
"km-0021","document","รายชื่อครูและบุคลากรสาขาวิชาการบัญชี","A: นางสาว ศศิชา ปิงใจ A: ครูผู้ช่วย A: นางสาว นวรัตน์ สิงห์บุญ, นางสาว ฐิติมา ยะเรือน, นาง สายนที ดำดิบ, นางสาว วริศรา บุญชื่น, นาง แสงเดือน ชมภูมิ่ง และนางสาว ดารุณี วรรณเรศ A: สาขาวิชาการบัญชี A: สาขาวิชาการบัญชี A: สาขาวิชาการบัญชี A: สาขาวิชาการบัญชี A: สาขาวิชาการบัญชี A: มี โดยหัวหน้าสาขาวิชาค","สาขาวิชาการบัญชี วิทยาลัยการอาชีพฝาง เปิดสอนทั้งระดับ ปวช. และ ปวส. และมีบุคลากรประจำสาขาวิชา ได้แก่ หัวหน้าสาขาวิชาและครูประจำสาขาวิชา
หัวหน้าสาขาวิชา
นางสาว ศศิชา ปิงใจ
ตำแหน่ง: หัวหน้าสาขาวิชา
ประเภทบุคลากร: ครูผู้ช่วย
ครูประจำสาขาวิชา
นางสาว นวรัตน์ สิงห์บุญ
ตำแหน่ง: ครูประจำสาขาวิชา
ประเภทบุคลากร: ครูพิเศษสอน
นางสาว ฐิติมา ยะเรือน
ตำแหน่ง: ครูประจำสาขาวิชา
ประเภทบุคลากร: ครูพิเศษสอน
นาง สายนที ดำดิบ
ตำแหน่ง: ครูประจำสาขาวิชา
ประเภทบุคลากร: ครูชำนาญการพิเศษ
นางสาว วริศรา บุญชื่น
ตำแหน่ง: ครูประจำสาขาวิชา
ประเภทบุคลากร: ครูพิเศษสอน
นาง แสงเดือน ชมภูมิ่ง
ตำแหน่ง: ครูประจำสาขาวิชา
ประเภทบุคลากร: ครูชำนาญการพิเศษ
นางสาว ดารุณี วรรณเรศ
ตำแหน่ง: ครูประจำสาขาวิชา
ประเภทบุคลากร: ครูชำนาญการ


### คำถามที่พบบ่อย (FAQ):
Q: ใครเป็นหัวหน้าสาขาวิชาการบัญชี?
Q: หัวหน้าสาขาวิชาการบัญชีมีตำแหน่งอะไร?
Q: สาขาวิชาการบัญชีมีครูใครบ้าง?
Q: ครูสายนที ดำดิบอยู่สาขาอะไร?
Q: ครูดารุณี วรรณเรศอยู่สาขาอะไร?
Q: ครูฐิติมา ยะเรือนอยู่แผนกอะไร?
Q: ครูนวรัตน์ สิงห์บุญอยู่สาขาอะไร?
Q: ครูแสงเดือน ชมภูมิ่งอยู่แผนกอะไร?
Q: สาขาวิชาการบัญชีมีหัวหน้าสาขาวิชาหรือไม่?

**คำตอบ:**
A: นางสาว ศศิชา ปิงใจ
A: ครูผู้ช่วย
A: นางสาว นวรัตน์ สิงห์บุญ, นางสาว ฐิติมา ยะเรือน, นาง สายนที ดำดิบ, นางสาว วริศรา บุญชื่น, นาง แสงเดือน ชมภูมิ่ง และนางสาว ดารุณี วรรณเรศ
A: สาขาวิชาการบัญชี
A: สาขาวิชาการบัญชี
A: สาขาวิชาการบัญชี
A: สาขาวิชาการบัญชี
A: สาขาวิชาการบัญชี
A: มี โดยหัวหน้าสาขาวิชาคือ นางสาว ศศิชา ปิงใจ


📄 **ลิงก์เอกสาร Google Drive:** [เปิดดูเอกสาร](https://drive.google.com/drive/folders/1O7-dRnbJ0-70tLuJg_lSjlyInthq2nM-?usp=drive_link)

🌐 **ลิงก์เว็บไซต์อ้างอิง:** [เปิดหน้าเว็บ](https://www.fve.ac.th/Course/detail/84)","ฝ่ายบริหารทรัพยากร","งานบริหารและพัฒนาทรัพยากรบุคคล","[""การบัญชี"",""บัญชี"",""สาขาบัญชี"",""แผนกบัญชี"",""ครูบัญชี"",""ครูแผนกบัญชี"",""ครูสาขาบัญชี"",""รายชื่อครูบัญชี""]","draft","8/16/2026","-","https://drive.google.com/drive/folders/1O7-dRnbJ0-70tLuJg_lSjlyInthq2nM-?usp=drive_link"
"km-0022","document","รายชื่อครูบุคลากรสาขาวิชาเทคโนโลยีเครื่องมือวัดและควบคุมปิโตรเลียม","A: มี ชื่อสาขาวิชา คือ สาขาวิชาเทคโนโลยีเครื่องมือวัดและควบคุมปิโตรเลียม A: สาขาวิชาเทคโนโลยีเครื่องมือวัดและควบคุมปิโตรเลียม A: ประเภทวิชาอุตสาหกรรม A: กลุ่มอาชีพปิโตรเลียมและปิโตรเคมี A: เปิดสอนระดับ ปวส. A: นายปัณณทัต คำหอม A: นายสราวุธ ปันทะนะ A: นางสาวชัญญานุช ช่างงาน ,นายปัณณทัต คำหอม , นายสรา","สาขาวิชาเทคโนโลยีเครื่องมือวัดและควบคุมปิโตรเลียม เป็นสาขาวิชาประเภทวิชาอุตสาหกรรม อยู่ในกลุ่มอาชีพปิโตรเลียมและปิโตรเคมี และเปิดสอนในระดับ  ปวส.
ชื่อสาขาวิชา:
สาขาวิชาเทคโนโลยีเครื่องมือวัดและควบคุมปิโตรเลียม
ประเภทวิชา:
อุตสาหกรรม
กลุ่มอาชีพ:
ปิโตรเลียมและปิโตรเคมี
ระดับที่เปิดสอน:
ประกาศนียบัตรวิชาชีพ (ปวช.)
ประกาศนียบัตรวิชาชีพชั้นสูง (ปวส.)
บุคลากรที่ปรากฏในข้อมูล:
นายปัณณทัต คำหอม — หัวหน้าสาขาวิชา
นายสราวุธ ปันทะนะ — ผู้ช่วยหัวหน้าสาขาวิชา
นางสาวชัญญานุช ช่างงาน — ครูประจำสาขาวิชา
นายจิตติ เมฆอากาศ — ครูประจำสาขาวิชา


### คำถามที่พบบ่อย (FAQ):
Q: วิทยาลัยการอาชีพฝางมีสาขาวิชาปิโตรเลียมหรือไม่?
Q: ชื่อเต็มของสาขาปิโตรเลียมคืออะไร?
Q: สาขาวิชาเทคโนโลยีเครื่องมือวัดและควบคุมปิโตรเลียมอยู่ประเภทวิชาอะไร?
Q: สาขาวิชาเทคโนโลยีเครื่องมือวัดและควบคุมปิโตรเลียมอยู่ในกลุ่มอาชีพอะไร?
Q: สาขาปิโตรเลียมเปิดสอนระดับใดบ้าง?
Q: ใครเป็นหัวหน้าสาขาวิชาเทคโนโลยีเครื่องมือวัดและควบคุมปิโตรเลียม?
Q: ใครเป็นผู้ช่วยหัวหน้าสาขาวิชา?
Q: ครูประจำสาขาวิชาปิโตรเลียมมีใครบ้าง?

**คำตอบ:**
A: มี ชื่อสาขาวิชา คือ สาขาวิชาเทคโนโลยีเครื่องมือวัดและควบคุมปิโตรเลียม
A: สาขาวิชาเทคโนโลยีเครื่องมือวัดและควบคุมปิโตรเลียม
A: ประเภทวิชาอุตสาหกรรม
A: กลุ่มอาชีพปิโตรเลียมและปิโตรเคมี
A: เปิดสอนระดับ ปวส.
A: นายปัณณทัต คำหอม
A: นายสราวุธ ปันทะนะ
A: นางสาวชัญญานุช ช่างงาน ,นายปัณณทัต คำหอม , นายสราวุธ ปันทะนะ,นายจิตติ เมฆอากาศ


📄 **ลิงก์เอกสาร Google Drive:** [เปิดดูเอกสาร](https://drive.google.com/drive/folders/1lm4vF9qqoBfi9mlnOvB9D_o75qM__tAp?usp=drive_link)

🌐 **ลิงก์เว็บไซต์อ้างอิง:** [เปิดหน้าเว็บ](https://www.fve.ac.th/Course/detail/105)","ฝ่ายบริหารทรัพยากร","งานบริหารและพัฒนาทรัพยากรบุคคล","[""เทคโนโลยีเครื่องมือวัดและควบคุมปิโตรเลียม"",""ปิโตรเลียม"",""ปิโตรเคมี"",""สาขาปิโตรเลียม"",""แผนกปิโตรเลียม"",""สาขาวิชาปิโตรเลียม"",""ครูปิโตรเลียม"",""ครูแผนกปิโตรเลียม""]","draft","8/16/2026","-","https://drive.google.com/drive/folders/1lm4vF9qqoBfi9mlnOvB9D_o75qM__tAp?usp=drive_link"
"km-0023","document","รายชื่อครูและบุคลากรสาขาวิชาสามัญสัมพันธ์","A: เว็บไซต์แสดงบุคลากรสามัญสัมพันธ์จำนวน 11 ราย ประกอบด้วยหัวหน้าสาขาวิชา 1 ราย และครูประจำสาขาวิชา 10 ราย A: นางสาว อัจฉรา ทองปัน A: ครูชำนาญการพิเศษ และเป็นหัวหน้าสาขาวิชา A:  นายวิทยา นาติ๊บ, นางสาวศิริขวัญ ขยัน, นางสาวกมลพร ปิ่นหย่า, นายวิทยา ยาใจ, นางสาวญาดา ดุมเหล็ก, นางสาวพิมผกา กันธะรินทร์, ","วิทยาลัยการอาชีพฝางมีแผนกวิชาสามัญสัมพันธ์


### คำถามที่พบบ่อย (FAQ):
Q: สามัญสัมพันธ์มีครูและบุคลากรกี่คน?
Q: ใครเป็นหัวหน้าสาขาสามัญสัมพันธ์?
Q: นางสาวอัจฉรา ทองปันมีตำแหน่งอะไร?
Q: ครูสามัญสัมพันธ์มีใครบ้าง?
Q: สามัญสัมพันธ์เปิดสอนระดับใดบ้าง?

**คำตอบ:**
A: เว็บไซต์แสดงบุคลากรสามัญสัมพันธ์จำนวน 11 ราย ประกอบด้วยหัวหน้าสาขาวิชา 1 ราย และครูประจำสาขาวิชา 10 ราย
A: นางสาว อัจฉรา ทองปัน
A: ครูชำนาญการพิเศษ และเป็นหัวหน้าสาขาวิชา
A:  นายวิทยา นาติ๊บ, นางสาวศิริขวัญ ขยัน, นางสาวกมลพร ปิ่นหย่า, นายวิทยา ยาใจ, นางสาวญาดา ดุมเหล็ก, นางสาวพิมผกา กันธะรินทร์,  นางสาวชวารา เพ็ญศิริมงคล, นางสาวปุญญวิชญ์ บุญประเสริฐ และนางสาวสุปรียา เตรียมจันทร์
A: เปิดสอนระดับ ปวช. และ ปวส.


📄 **ลิงก์เอกสาร Google Drive:** [เปิดดูเอกสาร](https://drive.google.com/drive/folders/1HkHJcJ2xLRroXX49saGAGyrrCMJWKKln?usp=drive_link)

🌐 **ลิงก์เว็บไซต์อ้างอิง:** [เปิดหน้าเว็บ](https://www.fve.ac.th/Course/detail/112)","ฝ่ายบริหารทรัพยากร","งานบริหารและพัฒนาทรัพยากรบุคคล","[""สามัญสัมพันธ์"",""แผนกสามัญสัมพันธ์"",""สาขาสามัญสัมพันธ์"",""ครูสามัญสัมพันธ์"",""ครูแผนกสามัญ"",""ครูสามัญ"",""ครูวิชาสามัญ"",""รายชื่อครูสามัญสัมพันธ์""]","draft","8/16/2026","-","https://drive.google.com/drive/folders/1HkHJcJ2xLRroXX49saGAGyrrCMJWKKln?usp=drive_link"
"km-0024","document","โครงสร้างการบริหารวิทยาลัยการอาชีพฝาง","A: นายปัญญา ช่างงาน A: นายวรพงศ์ วงค์อ้าย A: นายชาลัน คุณหลวง A: นางสาวชวาลินี สิงห์คำ A: นางวิลาวัลย์ วัชโรทัย A: นางสายนที ดำดิบ A: ฝ่ายบริหารทรัพยากร A: ฝ่ายวิชาการ A: ฝ่ายพัฒนากิจการนักเรียนนักศึกษา A: ฝ่ายแผนงานและความร่วมมือ A: ฝ่ายบริหารทรัพยากร A: อยู่ภายใต้ส่วนผู้ช่วยผู้อำนวยการตามแผนภูมิ","ระดับผู้อำนวยการ
ผู้อำนวยการวิทยาลัยการอาชีพฝาง
นายปัญญา ช่างงาน
โดยในแผนภูมิมีหน่วยงานที่เชื่อมโยงกับผู้อำนวยการ ได้แก่
คณะกรรมการบริหารสถานศึกษา
คณะกรรมการวิทยาลัย
ข้อมูลเว็บไซต์วิทยาลัยปัจจุบันก็ระบุ นายปัญญา ช่างงาน เป็นผู้อำนวยการวิทยาลัยการอาชีพฝางเช่นเดียวกัน

ฝ่ายบริหารทรัพยากร
รองผู้อำนวยการ ฝ่ายบริหารทรัพยากร
นายวรพงศ์ วงค์อ้าย
หน่วยงาน/งานภายใต้ฝ่ายที่ปรากฏในแผนภูมิ ได้แก่
งานบริหารงานทั่วไป
นางสาวนิศรา ศรีวังภูร
งานบุคลากร
นายศุทธิชัย อายุมั่น
งานบัญชี
นางสาวฐิติมา ยะเรือน
งานการเงิน
นางสาวดารุณี วรรณเรศ
งานพัสดุ
นายเอกพันธ์ หม่อมมวล
งานความปลอดภัย
นายธนากร สุดาลา
งานทะเบียน
นางสายนที ดำดิบ
งานประชาสัมพันธ์
นายธนุรเวท อายุมั่น
งานอาคารสถานที่
นายดม ปิ่จจวงศ์
กลุ่มงานเรียนฟรี 15 ปี
นางสาวฐิติมา ยะเรือน
กลุ่มงานยานพาหนะ
นายอรรถกร หมอเอ๊ด
สาขาวิชาสามัญสัมพันธ์
นางสาวอัจฉรา ทองปัน
สาขาวิชาเทคโนโลยีธุรกิจดิจิทัล
นายปฐวีกรณ์ บุญต่าย
สาขาวิชาการตลาด
นางสาวสุรัสวดี เรือนหน้อย
สาขาวิชาธุรกิจค้าปลีก
นายณัฐพล น้อยตุ่น

ฝ่ายพัฒนากิจการนักเรียนนักศึกษา
รองผู้อำนวยการ ฝ่ายพัฒนากิจการนักเรียนนักศึกษา
นายชาลัน คุณหลวง
หน่วยงาน/กลุ่มงานภายใต้ฝ่าย ได้แก่
งานปกครอง
นายญาณศักดา โอสถ
งานกิจกรรมนักเรียน นักศึกษา
นายยนครินทร์ พงษ์ศรีลา
งานแนะแนวอาชีพและจัดหางาน
นายวิทยา นาติ๊บ
งานครูที่ปรึกษา
นายสงกรานต์ คำดา
งานสวัสดิการนักเรียน นักศึกษา
ว่าที่ ร.ต.นฤมล วงศ์ร้อย
งานโครงการพิเศษและบริการชุมชน
นายปัณณทัต คำหอม
กลุ่มงานลูกเสือวิสามัญ
นายศุทธิชัย อายุมั่น
กลุ่มงานองค์การนักวิชาชีพในอนาคตแห่งประเทศไทย (อวท.)
นางสาวหนึ่งฤดี ชูฤทธิ์
กลุ่มงานนักศึกษาวิชาทหาร (รด.)
นายพรรณพัชนรงค์ รัมภารัตน์
กลุ่มงานโครงการชีววิถี
นายอดิศร ฐิติธรรมรัตน์
สาขาวิชาช่างเชื่อมโลหะ
นายดม ปิ่จจวงศ์
สาขาวิชาช่างเทคนิคพื้นฐาน
นายญาณศักดา โอสถ
สาขาวิชาช่างก่อสร้าง
ว่าที่ ร.ต.นฤมล วงศ์ร้อย

ฝ่ายยุทธศาสตร์และแผนงาน
รองผู้อำนวยการ ฝ่ายแผนงานและความร่วมมือ
นางสาวชวาลินี สิงห์คำ
หน่วยงาน/กลุ่มงานภายใต้ฝ่าย ได้แก่
งานวางแผนและงบประมาณ
นางวรนุช มาอินทร์
งานประกันคุณภาพและมาตรฐานการศึกษา
นางสาวอัจฉรา ทองปัน
งานความร่วมมือ
นางสาวมณีรัตน์ บุญไลย์
งานศูนย์ข้อมูลสารสนเทศ
นางสาวอัมรัตน์ ช่อบกลิ่น
งานวิจัย พัฒนา นวัตกรรมและสิ่งประดิษฐ์
นายจารึก ไชยวงศ์
งานส่งเสริมผลิตผลการค้าและประกอบธุรกิจ
นายณัฐพล น้อยตุ่น
กลุ่มงานวิจัยในชั้นเรียนเพื่อการพัฒนาการศึกษา
ว่าที่ ร.ต.อภิสทธิ์ ธิดา
กลุ่มงานศูนย์บ่มเพาะผู้ประกอบการอาชีวศึกษา
นางสาววริยาภร อุนจะนำ
สาขาวิชาช่างไฟฟ้ากำลัง
นายอดิศร ฐิติธรรมรัตน์
สาขาวิชาการโรงแรม
นายเนติพงศ์ สีปาน
สาขาวิชาช่างอิเล็กทรอนิกส์
นายศุทธิชัย อายุมั่น

ฝ่ายวิชาการ
รองผู้อำนวยการ ฝ่ายวิชาการ
นางวิลาวัลย์ วัชโรทัย
หน่วยงาน/กลุ่มงาน/สาขาวิชาภายใต้ฝ่าย ได้แก่
งานพัฒนาหลักสูตรการเรียนการสอน
นางสาวอัจฉรา ทองปัน
งานวัดผลและประเมินผล
นายสรวุธ ปันทะนะ
งานวิทยบริการและห้องสมุด
นางแสงเดือน ชมภูมิ่ง
งานสื่อการเรียนการสอน
นางสาวมณีกานต์ สุพงษ์
งานอาชีวศึกษาระบบทวิภาคี
นางสาวกาญจนา มุ่งเมือง
กลุ่มงานจัดการระบบเทียบโอน
นางสาวณัฐดาภรณ์ ตุธรรมมา
กลุ่มงานหลักสูตรพิเศษ
นายสรวุธ ปันทะนะ
สาขาวิชางานจักรยานยนต์และเครื่องยนต์เล็กอเนกประสงค์
นายพิเชษฐ์ แสงดาว
สาขาวิชาเทคนิคซ่อมตัวถังและสีรถยนต์
นายรุ่ง ชมภูมิ่ง
สาขาวิชาช่างยนต์
นายพิเชษฐ์ แสงดาว
สาขาวิชาเทคโนโลยีเครื่องมือวัดและควบคุมปิโตรเลียม
นายปัณณทัต คำหอม
ผู้ช่วยผู้อำนวยการ
ผู้ช่วยผู้อำนวยการ
นางสายนที ดำดิบ
หน่วยงานภายใต้ส่วนนี้ที่ปรากฏในแผนภูมิ ได้แก่
กลุ่มงานสวนพฤกษศาสตร์โรงเรียน
นางสาวมณีกานต์ สุพงษ์

กลุ่มงานทวิศึกษาและแกนมัธยม
นางสาวณัฐดาภรณ์ ตุธรรมมา
งานศูนย์ฝีมือแรงงาน
นายสรวุธ ปันทะนะ
งานระยะสั้น
นายสรวุธ ปันทะนะ
งาน Pre-VED
นางสาวณัฐดาภรณ์ ตุธรรมมา
สาขาวิชาการบัญชี
นางสาวศศิชา ปิ่นใจ


### คำถามที่พบบ่อย (FAQ):
Q: ใครเป็นผู้อำนวยการวิทยาลัยการอาชีพฝาง?
Q: ใครเป็นรองผู้อำนวยการฝ่ายบริหารทรัพยากร?
Q: ใครเป็นรองผู้อำนวยการฝ่ายพัฒนากิจการนักเรียนนักศึกษา?
Q: ใครเป็นรองผู้อำนวยการฝ่ายแผนงานและความร่วมมือ?
Q: ใครเป็นรองผู้อำนวยการฝ่ายวิชาการ?
Q: ใครเป็นผู้ช่วยผู้อำนวยการ?
Q: งานทะเบียนอยู่ภายใต้ฝ่ายใด?
Q: งานวัดผลและประเมินผลอยู่ภายใต้ฝ่ายใด?
Q: งานปกครองอยู่ภายใต้ฝ่ายใด?
Q: งานวางแผนและงบประมาณอยู่ภายใต้ฝ่ายใด?
Q: งานประชาสัมพันธ์อยู่ภายใต้ฝ่ายใด?
Q: สาขาวิชาการบัญชีอยู่ภายใต้หน่วยงานใดในแผนภูมิ?

**คำตอบ:**
A: นายปัญญา ช่างงาน
A: นายวรพงศ์ วงค์อ้าย
A: นายชาลัน คุณหลวง
A: นางสาวชวาลินี สิงห์คำ
A: นางวิลาวัลย์ วัชโรทัย
A: นางสายนที ดำดิบ
A: ฝ่ายบริหารทรัพยากร
A: ฝ่ายวิชาการ
A: ฝ่ายพัฒนากิจการนักเรียนนักศึกษา
A: ฝ่ายแผนงานและความร่วมมือ
A: ฝ่ายบริหารทรัพยากร
A: อยู่ภายใต้ส่วนผู้ช่วยผู้อำนวยการตามแผนภูมิ


📄 **ลิงก์เอกสาร Google Drive:** [เปิดดูเอกสาร](https://drive.google.com/file/d/14Q12SiyRWzVrtvx1g2Lmy5eeB02fc9Bh/view?usp=drive_link)

🌐 **ลิงก์เว็บไซต์อ้างอิง:** [เปิดหน้าเว็บ](https://www.fve.ac.th/About/information_about_team)","ฝ่ายบริหารทรัพยากร","งานบริหารงานทั่วไป","[""โครงสร้างวิทยาลัย"",""โครงสร้างการบริหาร"",""โครงสร้างการบริหารวิทยาลัยการอาชีพฝาง"",""ฝ่ายบริหารทรัพยากร"",""ฝ่ายวิชาการ"",""ฝ่ายแผนงานและความร่วมมือ"",""ฝ่ายยุทธศาสตร์และแผนงาน"",""ฝ่ายพัฒนากิจการนักเรียนนักศึกษา""]","draft","8/16/2026","-","https://drive.google.com/file/d/14Q12SiyRWzVrtvx1g2Lmy5eeB02fc9Bh/view?usp=drive_link"
"km-100","faq","คำถามที่พบบ่อยเกี่ยวกับการกู้ยืมเงิน กยศ. และ กรอ. ภาคเรียนที่ 1/2569","ขั้นตอนการยื่นแบบคำขอกู้ยืมเงิน กยศ. ผ่านแอปพลิเคชัน กยศ. Connect และเอกสารที่ต้องใช้แนบ","### คำถามที่พบบ่อยเกี่ยวกับการกู้ยืมเงิน กยศ.

**Q: ยื่นกู้ กยศ. รอบแรกถึงวันไหน?**
**A:** สามารถยื่นผ่านแอปพลิเคชัน กยศ. Connect ได้ตั้งแต่วันที่ 1 มิถุนายน ถึง 31 กรกฎาคม 2569

**Q: เอกสารที่ต้องใช้มีอะไรบ้าง?**
**A:** สำเนาบัตรประชาชน, สำเนาทะเบียนบ้าน, หนังสือรับรองรายได้ครอบครัว (แบบ กยศ.102), และผลการเรียนเฉลี่ยสะสมไม่ต่ำกว่า 2.00","ฝ่ายพัฒนากิจการนักเรียนนักศึกษา","งานปกครองและสวัสดิการนักเรียนนักศึกษา","[""กยศ"",""ทุนการศึกษา"",""FAQ"",""เงินกู้เพื่อการศึกษา""]","published","2026-08-01","-","-"
"km-101","form","แบบฟอร์มคำร้องขอลาพักการเรียนและการขอรักษาสภาพนักเรียน นักศึกษา (ค.ร. 05)","ดาวน์โหลดแบบฟอร์มคำร้องขอลาพักการเรียน ปวช./ปวส. พร้อมคำแนะนำการกรอกและการแนบหลักฐาน","### แบบฟอร์มคำร้องขอลาพักการเรียน (ค.ร. 05)

ให้นักเรียน นักศึกษาที่ประสงค์ขอลาพักการเรียน กรอกข้อมูลในแบบฟอร์ม ค.ร. 05 ให้ครบถ้วน พร้อมนำเสนออาจารย์ที่ปรึกษา หัวหน้าแผนกวิชา และยื่นต่องานทะเบียน อาคาร 1

📄 **ไฟล์แนบ:** แบบฟอร์ม ค.ร. 05 (PDF)","ฝ่ายวิชาการ","งานทะเบียน","[""แบบฟอร์ม"",""ลาพักการเรียน"",""งานทะเบียน"",""ค.ร.05""]","published","2026-08-01","-","-"
"km-102","service_process","ขั้นตอนการขอหนังสือรับรองความประพฤติและผลการเรียน สำหรับสมัครงาน/ศึกษาต่อ","แผนผังและขั้นตอนการขอเอกสารรับรองความประพฤติ ระยะเวลาดำเนินการ 1-2 วันทำการ","### ขั้นตอนการขอหนังสือรับรองความประพฤติ

1. ยื่นคำร้องที่งานปกครองและสวัสดิการนักเรียนนักศึกษา (ตึกพาณิชย์ ชั้น 1)
2. เจ้าหน้าที่ตรวจสอบประวัติคะแนนความประพฤติ (ต้องมีคะแนนเหลือไม่ต่ำกว่า 20 คะแนน)
3. ชำระค่าธรรมเนียม 20 บาท ที่งานการเงิน
4. รับเอกสารรับรองความประพฤติได้ภายใน 1 วันทำการ","ฝ่ายพัฒนากิจการนักเรียนนักศึกษา","งานปกครองและสวัสดิการนักเรียนนักศึกษา","[""ขั้นตอนบริการ"",""หนังสือรับรอง"",""งานปกครอง"",""สมัครงาน""]","published","2026-08-01","-","-"
"km-103","form","แบบฟอร์มขอใช้อาคารสถานที่และห้องประชุมเฉลิมพระเกียรติ","แบบฟอร์มสำหรับหน่วยงานภายในและภายนอกยื่นขอใช้ห้องประชุม อาคารสถานที่ และโสตทัศนูปกรณ์","### แบบฟอร์มขอใช้อาคารสถานที่

โปรดยื่นแบบฟอร์มขอใช้ห้องประชุมล่วงหน้าอย่างน้อย 3 วันทำการ ที่งานอาคารสถานที่ ฝ่ายบริหารทรัพยากร

📄 **เอกสารประกอบ:** แผนผังการจัดห้องและกำหนดการกิจกรรม","ฝ่ายบริหารทรัพยากร","งานอาคารสถานที่","[""แบบฟอร์ม"",""ห้องประชุม"",""ขอใช้สถานที่"",""อาคารสถานที่""]","published","2026-08-01","-","-"