"รหัสข่าว","หัวข้อข่าวประชาสัมพันธ์","รายละเอียดข่าว","แท็ก (Keywords)","วันที่เผยแพร่"
"km-0001","เร็ว ๆ นี้: ประกาศรายชื่อผู้สมัครอย่างเป็นทางการ FVE STAR 2026","วิทยาลัยการอาชีพฝางเตรียมประกาศรายชื่อผู้สมัครอย่างเป็นทางการ สำหรับการแข่งขัน FVE STAR 2026 โปรดติดตามรายละเอียดเร็ว ๆ นี้


### คำถามที่พบบ่อย (FAQ):
สมัครที่ไหน สมัครอย่างไร

**คำตอบ:**
ที่ฝ่ายกิจการนักเรียนนักศึกษา


📄 **ลิงก์เอกสาร Google Drive:** [เปิดดูเอกสาร](https://drive.google.com/file/d/1qxnhCr6NYh6lCIKnRaLkm9hAOga6_CwX/view?usp=drive_link)

🌐 **ลิงก์เว็บไซต์อ้างอิง:** [เปิดหน้าเว็บ](https://www.facebook.com/photo?fbid=122105655309331585&set=a.122098053735331585)","[""FVE STAR 2026"",""ประกวดดาวเดือน"",""ประกาศรายชื่อผู้สมัคร"",""กิจกรรมนักเรียน"",""วิทยาลัยการอาชีพฝาง""]","2026-08-10 09:00:00"
"km-0002","FVE STAR 2025 การประกวดดาว เดือน ดาวจรัสฟ้า เดือนเคียงดาว และขวัญใจมหาชน","ประเภทการประกวด จำนวน 5 ประเภท ได้แก่ ดาว, เดือน, ดาวจรัสฟ้า, เดือนเคียงดาว และขวัญใจมหาชน \n\nกติกาการประกวด \n- รอบที่ 1 แนะนำตัว คัดเลือกเหลือ 5 คน \n- รอบที่ 2 แสดงความสามารถพิเศษ คัดเลือกเหลือ 3 คน \n- รอบที่ 3 ตอบคำถามรอบตัดสิน \n\nรางวัล \n- รางวัลชนะเลิศ เงินรางวัล 1,000 บาท พร้อมมงกุฎและสายสะพาย \n- รองชนะเลิศอันดับ 1 เงินรางวัล 500 บาท พร้อมสายสะพาย \n- รองชนะเลิศอันดับ 2 เงินรางวัล 300 บาท พร้อมสายสะพาย \n- รางวัลขวัญใจมหาชน เงินรางวัล 500 บาท พร้อมมงกุฎและสายสะพาย \n\nการโหวตขวัญใจมหาชนใช้หัวใจ 1 ดวง = 20 บาท = 20 คะแนน และผู้สมัครทุกคนที่ผ่านเข้ารอบ 3 จะได้รับรางวัล


### คำถามที่พบบ่อย (FAQ):
สมัครอย่างไร สมัครตรงไหน

**คำตอบ:**
ฝ่ายกิจการนักเรียนนักศึกษา


📄 **ลิงก์เอกสาร Google Drive:** [เปิดดูเอกสาร](https://drive.google.com/file/d/1gHm1k9QkLvjfkkakiu_mVSaEshJ-8eLN/view?usp=drive_link)

🌐 **ลิงก์เว็บไซต์อ้างอิง:** [เปิดหน้าเว็บ](https://www.facebook.com/photo?fbid=1303661244882117&set=a.580115957236653)","[""ข่าวประชาสัมพันธ์"",""กิจการนักเรียน นักศึกษา""]","2026-08-13 09:00:00"